index,Scparinkind,Scsizeinkind,Scparfundraise_a,Tjumlah,Scrapbs,Screcrapbs,Scdistrapbs,Spparentsrapbs,Scbpd,Scsatbpd,Spbpd,Spsatbpd,Scsatlearn,Tsatlearn,Spsatlearn,Spsceffective_a,Spsceffective_b,Spsceffective_c,Spsceffective_d,Scposcontr,Tscperception_a,Tscperception_b,Tscperception_c,Tscperception_d,Scparfundraise_b,Scmeettripartite,Spinviterapbs,Pcont,Pcont_physical,Pnsteach,Gttteach_govt1,Gttteach_govt2,Gttteach_school,Gttteach_govt,Pscanswer,Pknow_scexist,Pmtgrapbs,Psatlearnknow,Pknow_scmem,Prap_a,Prap_b,Prap_c,Prap_d,Prapbs,Scparfundraise,Spinviterapbs_score,Tscperception
001,0,,,7,0,1,0,0,1,2,0,2,3,2,2,1,3,1,1,0,6,7,6,6,,2,0,500,0,4,,,3,,0,0.5,0,3,4,0,0.5,0,0,0.5,0,0,6.25
002,0,,,12,0,0,0,1,0,1,0,2,3,3,3,1,1,1,1,0,9,8,8,9,,3,1,7000,1,8,,,4,,0,0.666666667,0.333333333,3,2,0,0,0.666666667,0,0.666666667,0,0,8.5
003,1,2,,10,0,0,1,1,0,3,1,2,2,3,3,1,1,1,1,1,8,10,10,8,,3,0,0,0,7,,,3,,0.037037037,0.666666667,0.333333333,2.666666667,1,0.666666667,0.666666667,0.666666667,0,2,0,0,9
004,0,,,8,0,0,0,0,0,3,0,3,3,3,2,1,1,1,1,1,8,9,7,8,,3,1,0,0,6,,,2,,0,0.333333333,0,2.5,2,0.285714286,0.285714286,0.285714286,0,0.857142857,0,0,8
005,1,3,,11,0,0,0,1,1,3,0,3,3,2,2,1,1,1,1,1,7,7,7,7,,1,0,0,0,9,,,2,,0,0.333333333,0,2.5,2,0.666666667,0.666666667,0.666666667,0.333333333,2.333333333,0,0,7
006,1,3,,7,0,0,1,1,1,3,0,3,3,3,3,1,1,1,1,1,9,9,10,8,8,2,1,0,0,5,,,2,,0,0.333333333,1,2.333333333,1,0.666666667,0.666666667,0.666666667,0,2,810000,0,9
007,1,3,,9,0,0,0,0,0,3,0,3,4,3,2,1,1,1,1,1,9,8,7,9,,4,1,15000,1,9,,,,,0.037037037,1,0.333333333,2.833333333,2,0.333333333,0.666666667,0.666666667,0,1.666666667,0,0,8.25
008,0,,,10,1,0,1,1,1,3,1,3,3,3,3,1,1,1,1,1,8,8,8,8,,2,1,0,0,7,,,3,,0,0.333333333,0,3,2,0.666666667,0.333333333,0.333333333,0,1.333333333,0,0,8
009,0,,,7,0,0,0,0,1,2,0,2,2,3,2,1,1,1,1,1,8,8,8,8,,2,1,0,0,3,,,4,,0,0.666666667,0.333333333,3,2,0,0,1,0,1,0,0,8
010,0,,,10,1,0,1,1,1,1,0,1,2,2,2,2,2,2,2,0,6,6,6,6,,1,1,0,0,8,,,2,,0.037037037,1,0.666666667,3,1.666666667,1,1,1,1,4,0,0,6
011,1,3,,9,0,0,0,1,1,3,1,2,2,2,2,1,1,1,1,1,8,8,8,8,3,1,1,55000,1,7,,,2,,0.074074074,0.333333333,0.333333333,2.666666667,2,0.333333333,1,0,0,1.333333333,30000,0,8
012,1,2,,10,0,1,0,0,1,2,1,2,2,2,2,1,1,1,1,1,9,9,9,8,,2,1,0,0,8,,2,,,0,1,0,2.333333333,1.333333333,1,0.333333333,0,0,1.333333333,0,0,8.75
013,0,,,12,0,1,0,1,0,2,1,2,3,3,3,1,1,1,1,1,8,8,9,8,,2,1,0,0,9,,,3,,0.111111111,1,0.666666667,3,1.666666667,0.666666667,0.666666667,1,0.666666667,3,0,0,8.25
014,0,,,11,0,0,0,0,1,3,0,3,3,3,2,1,1,1,1,1,10,9,10,9,,3,0,0,0,8,1,,2,,0.111111111,1,0.666666667,2.333333333,2.333333333,0.666666667,1,0.666666667,0.666666667,3,0,0,9.5
015,1,2,,8,0,1,0,0,0,3,0,2,2,3,2,1,1,1,1,1,10,10,10,8,,,1,0,0,5,2,,1,,0.148148148,0.666666667,0.333333333,2.166666667,2,0,1,0.666666667,0,1.666666667,0,0,9.5
016,0,,,8,0,0,0,1,0,2,1,2,2,2,2,1,1,1,1,0,6,6,7,5,,1,0,0,0,5,,,3,,0.111111111,0.333333333,0,2.833333333,4,0.333333333,0.333333333,0.333333333,0,1,0,,6
017,0,,,10,0,0,1,1,0,2,0,2,2,3,2,1,1,1,1,1,10,10,10,9,,3,0,10000,0,9,,1,,,0.259259259,1,1,3.333333333,2.333333333,1,1,1,0.666666667,3.666666667,0,,9.75
018,0,,2,20,0,0,0,0,0,,0,,4,3,3,1,1,1,1,1,10,10,10,10,,3,1,5000,1,14,,2,4,,0.185185185,1,0,3,1.666666667,0.333333333,0.666666667,0.666666667,0,1.666666667,25000,0,10
019,0,,,10,0,0,0,0,1,3,1,3,3,,3,1,1,1,1,0,9,8,8,8,,1,1,0,0,9,,,1,,0.222222222,0.666666667,0.333333333,2.333333333,3,0,0.333333333,0.666666667,0.333333333,1.333333333,0,0,8.25
020,0,,,16,0,0,0,1,0,3,0,2,3,2,3,1,1,1,1,1,8,8,8,8,4,3,0,0,0,14,,,2,,0,0,0,2.5,,0.666666667,0.666666667,0,0,1.333333333,4500000,,8
021,0,,,11,0,0,1,1,1,3,1,3,3,2,3,1,1,1,1,1,7,8,8,8,1,3,1,0,0,9,,,2,,0,0.666666667,0.666666667,2.666666667,2.5,0.666666667,0.333333333,0.333333333,0,1.333333333,1600000,0,7.75
022,0,,,10,0,1,1,1,0,2,1,3,3,2,2,3,1,1,1,1,7,8,8,7,,4,0,10000,0,9,,,1,,0.148148148,0.666666667,0,3.166666667,2,0.333333333,0.666666667,0.333333333,0,1.333333333,0,0,7.5
023,1,4,,10,1,0,1,1,1,2,0,1,2,3,2,1,1,1,1,1,8,9,10,7,1,4,1,0,0,10,,,,,0.037037037,0.666666667,0.666666667,2.666666667,1.5,0.666666667,0.333333333,0,0,1,1875000,0,8.5
024,0,,,10,0,0,0,0,1,3,0,3,3,3,2,1,1,1,1,1,7,7,8,99,,3,1,10000,0,9,,1,,,0,0.333333333,0.333333333,2.666666667,1,0.714285714,0,0,0,0.714285714,0,0,30.25
025,0,,,11,0,0,1,0,0,3,0,2,3,,2,2,1,1,1,1,8,8,8,7,1,3,1,40000,0,9,,2,,,0.111111111,1,0.666666667,2.666666667,1.333333333,0.666666667,0.666666667,0.333333333,0,1.666666667,1500000,0,7.75
026,0,,1,11,1,0,1,1,0,2,0,1,3,2,2,1,1,1,1,1,8,10,10,5,,3,1,0,0,8,,3,,,0,0,0.333333333,3,,0,0,0.25,0,0.25,1750000,0,8.25
027,0,,6,16,1,0,1,0,1,4,1,3,3,3,3,1,1,1,1,1,7,9,9,8,,3,0,0,0,11,,,5,,0,0.333333333,0,2.5,1,0.666666667,0.333333333,0.333333333,0.333333333,1.666666667,60000,0,8.25
028,1,2,,9,0,0,0,1,0,3,1,2,2,2,2,1,1,1,1,1,7,5,5,1,,5,1,0,0,7,,,2,,0.074074074,0.666666667,0.666666667,2.333333333,1,0.666666667,0.333333333,0.666666667,0,1.666666667,0,0,4.5
029,0,,,10,1,0,0,0,0,2,1,2,3,2,3,1,1,1,1,1,8,8,8,8,,2,0,0,0,9,,,1,,0.185185185,1,1,3,1.666666667,1,0.666666667,1,0.333333333,3,90000,0,8
030,0,,,12,0,1,0,1,1,3,0,3,3,2,3,1,1,1,1,1,8,9,9,9,1,2,1,100000,0,10,,,2,,0.111111111,0.666666667,0.666666667,3,2,1,0.666666667,0.333333333,0.666666667,2.666666667,100000,0,8.75
031,0,,,12,0,0,0,0,0,,0,,3,,2,1,1,1,1,1,10,10,10,10,,10,1,0,0,10,,2,,,0.037037037,0.333333333,0.333333333,2.5,2,0.285714286,0.714285714,0.285714286,0.285714286,1.571428571,0,0,10
032,0,,,11,0,0,0,1,0,,1,2,3,3,2,1,1,1,1,0,9,8,8,1,,12,1,0,0,8,,,3,,0.037037037,0.333333333,0.666666667,2.5,2,0.428571429,1,1,0,2.428571429,0,0,6.5
033,0,,,12,0,0,1,1,0,2,0,3,3,3,2,1,1,1,1,1,8,8,9,9,,1,1,0,0,9,2,,1,,0.037037037,0.333333333,0,2.333333333,2,0,0.333333333,0.666666667,0,1,0,0,8.5
034,0,,,11,0,0,1,1,1,3,0,2,3,3,3,3,3,1,1,1,7,7,7,7,,1,0,0,0,8,,3,,,0.074074074,1,0.666666667,2,2.333333333,0.666666667,0.666666667,0.666666667,0.666666667,2.666666667,0,0,7
035,0,,,9,1,0,0,0,1,3,0,2,3,2,2,1,1,1,1,1,8,8,8,8,3,5,1,6000,0,8,,,1,,0.185185185,1,1,2.333333333,2.666666667,1,0.333333333,0.333333333,0,1.666666667,30000,0,8
036,0,,,10,0,0,1,1,0,3,0,2,3,2,2,1,1,1,1,1,9,9,9,9,,2,1,0,0,7,,1,2,,0.185185185,1,1,3,2.333333333,1,1,0.666666667,0.666666667,3.333333333,0,0,9
037,0,,,9,0,0,1,0,0,4,1,3,2,3,3,1,1,1,1,1,8,8,8,6,,3,0,0,0,6,,,3,,0,0.333333333,0,2.333333333,4,0,0.333333333,0,0,0.333333333,0,,7.5
038,0,,,12,0,0,1,1,0,1,0,2,3,2,3,1,1,1,1,1,8,8,9,9,4,3,0,0,0,9,,,3,,0.111111111,1,1,3,1,0.571428571,0,0.285714286,0,0.857142857,40000,,8.5
039,0,,,13,0,0,1,1,1,3,1,2,3,2,3,1,1,1,1,1,7,7,8,8,,3,0,0,0,9,,,4,,0.037037037,0.333333333,0,2.666666667,1,0,0,0,0,0,0,,7.5
040,0,,2,11,0,0,0,0,0,1,0,3,3,,3,1,1,1,1,1,7,7,9,6,,1,1,0,0,8,,,3,,0.37037037,1,0.333333333,3,3.666666667,0.666666667,1,0.666666667,0.333333333,2.666666667,22000000,0,7.25
041,1,3,,8,0,0,1,1,0,2,0,2,3,,2,1,1,1,1,1,9,8,8,6,6,3,1,0,0,5,,,3,,0.037037037,0.333333333,0.666666667,2,1,0,0,0,0,0,6000000,0,7.75
042,0,,,11,0,0,0,1,0,3,0,3,3,3,3,1,1,1,1,1,8,8,8,7,,12,0,0,0,8,,2,1,,0,0,0,2.666666667,,0,0,0,0,0,0,0,7.75
043,0,,,10,0,0,0,0,0,2,0,1,2,3,2,1,1,1,1,0,10,10,10,10,,3,0,0,0,6,,,4,,0.148148148,1,0.666666667,2.666666667,2,0.714285714,1,1,1,3.714285714,0,0,10
044,0,,,9,1,0,1,1,1,3,0,1,2,3,2,1,1,1,1,1,8,9,10,8,,1,0,0,0,6,,3,,,0,0.333333333,0,2.333333333,2,0,0,0,0,0,0,,8.75
045,0,,8,9,0,1,1,1,0,2,0,2,3,1,3,1,1,1,1,1,9,10,10,8,,3,0,0,0,6,,,3,,0.074074074,0.666666667,0.666666667,2.666666667,2.5,0.571428571,1,0,0.428571429,2,8000000,0,9.25
046,0,,1,11,0,1,1,1,0,2,0,2,3,3,3,1,1,1,1,1,8,9,9,8,,4,1,0,0,8,,,3,,0.074074074,0.666666667,0.333333333,2.666666667,1.5,0.666666667,0,0.333333333,0,1,1000000,0,8.5
047,0,,,15,0,0,1,1,0,2,0,2,3,2,3,1,1,1,1,0,7,8,8,7,,3,0,0,0,12,,,3,,0,0,0,3,,0.333333333,0.333333333,0,0,0.666666667,0,0,7.5
048,0,,,13,0,1,0,1,0,3,0,2,3,3,3,1,1,1,1,1,8,8,8,8,,2,0,35000,0,8,,2,3,,0,0,0.333333333,3,,0.714285714,0.571428571,0,0,1.285714286,0,0,8
049,0,,,8,1,1,0,1,0,1,1,3,2,2,2,3,2,2,2,0,10,10,10,1,,2,1,0,0,6,1,,1,,0,0.666666667,0,3,1.5,0.428571429,0.428571429,0.285714286,0,1.142857143,0,0,7.75
050,0,,,11,0,1,1,1,0,3,0,3,2,3,2,2,2,2,2,1,8,7,9,8,5,2,1,2500,0,7,4,,,,0.037037037,0.666666667,0.666666667,2.666666667,2.5,1,0.333333333,0.666666667,0.333333333,2.333333333,50000,0,8
051,1,3,,7,1,1,1,1,0,2,0,1,3,3,3,1,1,1,1,1,10,8,9,9,5,3,1,0,0,7,,,,,0,0,0.333333333,2.333333333,,0,0,0,0,0,50000,0,9
052,0,,,9,1,0,1,1,0,2,0,2,3,3,2,1,1,1,1,0,8,10,10,9,,3,1,0,0,7,,,2,,0.296296296,1,0.666666667,2.666666667,2.333333333,0.333333333,0.333333333,0.333333333,0.333333333,1.333333333,0,0,9.25
053,0,,,13,0,0,1,1,1,1,1,4,3,3,3,1,1,1,1,1,10,10,10,1,4,3,0,0,0,9,,4,,,0.185185185,1,0.333333333,2,1,0,0.666666667,0.666666667,0,1.333333333,4700000,0,7.75
054,0,,,11,1,1,1,1,1,3,1,3,3,2,3,1,1,1,1,0,8,8,9,7,1,2,0,0,0,9,,2,,,0.037037037,1,0.666666667,2.833333333,1.666666667,0.666666667,0.666666667,0.666666667,0.333333333,2.333333333,126000,,8
055,1,3,,11,0,1,1,1,1,3,1,3,3,3,3,1,1,1,1,1,7,8,8,8,,2,0,0,0,9,,,2,,0.074074074,0.666666667,0.333333333,2.5,1,0,0.333333333,0.666666667,0,1,0,0,7.75
056,1,3,,10,0,1,0,1,0,2,0,3,2,2,2,1,1,1,1,1,8,7,7,6,,2,0,0,0,7,,,3,,0,0.333333333,0.333333333,2.666666667,2,0.333333333,1,0.666666667,0,2,0,,7
057,0,,,12,0,0,0,1,1,3,1,3,3,3,3,1,1,1,1,0,8,8,8,7,6,2,0,0,0,8,,4,,,0.074074074,0.666666667,0.666666667,3,3,0,0.333333333,0.333333333,0,0.666666667,60000,0,7.75
058,0,,,10,1,0,1,1,0,3,1,3,3,2,3,1,1,1,1,0,6,6,6,6,,3,1,0,0,8,,,2,,0.074074074,0.333333333,0.333333333,2.5,3,0.333333333,0,0,0,0.333333333,0,0,6
059,0,,,12,0,1,0,1,0,2,0,2,3,3,3,1,1,1,1,1,8,8,8,7,1,5,0,0,0,11,,1,,,0.148148148,1,1,3,1.666666667,0.333333333,1,1,0,2.333333333,10000000,0,7.75
060,0,,,10,0,0,0,0,1,2,1,2,3,3,3,1,1,1,1,1,10,9,10,9,,3,0,0,0,8,,,2,,0.074074074,0.666666667,0.333333333,3,2,0,1,0.571428571,0,1.571428571,0,,9.5
061,0,,,10,0,1,0,1,0,2,0,3,2,2,2,1,1,1,1,0,7,9,8,7,,2,0,0,0,7,,,3,,0,0,0,2.833333333,,0,0,0,0,0,0,0,7.75
062,0,,,10,0,0,1,0,1,3,1,2,3,2,2,1,1,1,1,1,10,10,10,10,,2,0,0,0,8,,2,,,0.074074074,1,0.333333333,3,2,0.333333333,0.666666667,0.333333333,0,1.333333333,0,,10
063,0,,,10,0,1,1,0,1,3,0,3,3,2,2,1,1,1,1,1,7,7,7,7,,3,0,1500,0,8,,,2,,0.185185185,1,0.666666667,2.666666667,2,0.428571429,0.714285714,0,0.714285714,1.857142857,0,,7
064,0,,,9,0,0,1,1,0,2,1,3,3,2,2,1,1,1,1,1,7,8,8,8,2,3,0,0,0,7,,,2,,0.037037037,0.333333333,0.333333333,2.333333333,3,0.333333333,0.333333333,0.333333333,0.333333333,1.333333333,2000000,0,7.75
065,1,3,2,10,1,0,1,1,1,3,1,4,3,3,3,1,1,1,1,1,8,8,8,8,,3,1,25000,0,9,,,1,,0,0.666666667,0,2.666666667,1.5,1,0.285714286,0.285714286,0.285714286,1.857142857,20000,0,8
066,0,,,10,0,1,0,0,1,3,0,3,3,2,2,1,1,1,1,1,8,9,8,8,1,2,0,0,0,7,,,3,,0.037037037,0.666666667,0,3,3,0.333333333,0,0,0,0.333333333,1500000,0,8.25
067,1,3,4,12,1,1,1,1,0,2,1,2,3,3,3,1,1,1,1,1,10,10,10,8,,2,1,0,0,10,,,2,,0.222222222,1,1,2.333333333,3.333333333,1,1,1,1,4,4000000,0,9.5
068,0,,,7,0,1,0,0,1,3,0,3,2,2,2,1,1,1,1,1,9,8,9,8,,2,1,0,0,4,1,2,,3,0,0.333333333,0,3,1,0,0.333333333,0,0,0.333333333,0,0,8.5
069,1,4,,10,0,1,1,1,1,3,1,3,2,3,3,1,1,1,1,1,10,10,10,9,,2,1,0,0,8,,,2,,0.037037037,1,0.333333333,3,1.666666667,0.666666667,0.666666667,0.666666667,0.333333333,2.333333333,0,0,9.75
070,0,,,12,0,0,1,0,0,2,0,3,2,3,2,2,1,1,1,1,9,10,10,9,,3,0,0,0,7,,,5,,0,0.666666667,0,3,1.5,1,0,0,0,1,0,,9.5
071,0,,,7,0,1,0,0,1,3,0,1,2,2,2,2,2,2,2,1,7,7,8,7,,2,0,0,0,6,,,1,,0.074074074,0.666666667,0,2.666666667,1.5,0.666666667,0.333333333,0.666666667,0,1.666666667,0,0,7.25
072,0,,,13,0,1,0,0,0,2,0,2,3,2,2,1,1,1,2,1,6,7,7,8,1,1,1,20000,0,9,2,1,1,3,0,0.333333333,0.333333333,2.333333333,1,0.666666667,0.333333333,0.333333333,0,1.333333333,10000000,0,7
073,0,,,11,0,0,0,0,0,2,0,3,2,2,3,1,1,1,1,0,8,7,8,8,,1,0,0,0,5,,,6,,0,0.333333333,0,2.333333333,1,0.666666667,0.666666667,0.333333333,0,1.666666667,0,0,7.75
074,0,,,10,0,0,0,0,0,1,0,3,2,2,2,1,1,1,1,1,9,9,9,8,,2,0,2500,1,7,2,1,,3,0.074074074,0.666666667,0.333333333,3,1.5,0.666666667,0.666666667,0.666666667,0,2,0,,8.75
075,0,,,6,0,1,0,1,0,1,1,2,2,3,3,1,1,1,1,1,9,9,9,8,,3,1,0,0,4,,,2,,0.074074074,0.666666667,0,2.833333333,3,0.333333333,0.666666667,0.666666667,0,1.666666667,0,0,8.75
076,0,,,10,0,1,1,0,0,2,0,2,2,2,2,1,1,1,1,1,7,7,8,7,,2,1,0,0,7,1,2,,3,0.074074074,0.666666667,1,2.666666667,2,1,1,0.666666667,0,2.666666667,0,0,7.25
077,0,,,10,0,1,0,0,0,3,0,3,3,2,3,1,1,1,1,1,8,8,9,9,,4,1,0,0,6,,4,,,0.222222222,0.666666667,0.333333333,2.333333333,2.5,1,1,0.666666667,0,2.666666667,0,0,8.5
078,0,,,10,0,0,1,0,0,3,1,2,2,2,2,1,1,1,1,1,10,8,10,10,1,2,1,0,0,6,4,,,,0.259259259,1,1,3,1.666666667,1,1,1,0,3,18000,0,9.5
079,0,,,12,0,0,1,0,0,1,0,2,3,3,2,1,1,1,1,1,8,8,8,8,,2,1,0,0,10,,2,,,0,0,0,3,,0.666666667,0.666666667,0,0,1.333333333,0,0,8
080,0,,,10,0,0,0,0,0,2,0,2,1,2,2,8,1,1,1,0,10,10,10,10,4,2,0,0,0,8,,,2,,0.111111111,1,0.333333333,2,1.333333333,0.333333333,0.333333333,0,0,0.666666667,40000,,10
081,1,4,5,10,0,1,1,1,1,3,1,2,3,2,3,1,1,1,1,1,9,9,9,9,,3,0,0,0,7,,,3,,0.111111111,1,0,2.5,3,1,1,1,0.666666667,3.666666667,50000,0,9
082,0,,4,9,0,0,0,1,0,3,1,8,2,1,3,8,2,1,1,1,8,7,7,6,,3,1,72000,0,6,,,3,,0.074074074,0.666666667,0,3,2,1,1,1,0,3,4000000,0,7
083,0,,,8,0,0,0,1,0,2,1,2,3,3,3,1,1,1,1,1,8,7,8,8,,2,0,10000,0,5,,,3,,0,0,0.333333333,3,,0.666666667,1,1,0,2.666666667,0,,7.75
084,0,,3,13,0,0,0,0,0,3,0,3,3,2,2,1,1,1,1,1,10,10,10,10,,2,0,0,0,9,,,4,,0.037037037,0.333333333,0.666666667,2,1,0.666666667,0.333333333,0.666666667,0,1.666666667,3000000,0,10
085,0,,,11,0,1,0,1,0,3,0,3,3,2,2,1,1,1,1,1,8,9,10,8,,2,1,0,0,7,,,4,,0.037037037,0.666666667,0,2.666666667,2,0,0,0.285714286,0,0.285714286,0,0,8.75
086,1,2,1,9,0,0,1,0,0,3,1,3,3,2,2,1,1,1,1,1,7,8,9,7,,2,1,20000,0,6,,,3,,0.111111111,0.666666667,0,2.5,1.5,1,0.333333333,0.333333333,0,1.666666667,1700000,0,7.75
087,0,,,8,0,0,0,0,1,3,0,8,2,3,2,1,2,1,1,1,10,10,10,10,5,1,0,500,0,7,,,1,,0.074074074,0.666666667,0,2.333333333,1,0.666666667,0.666666667,0.333333333,0,1.666666667,50000,,10
088,0,,,5,0,0,1,0,0,2,0,2,2,2,3,1,1,1,1,1,10,10,10,8,1,3,1,0,0,3,,2,,,0,1,0,2.5,1.333333333,0.333333333,0.666666667,0,0,1,10000,0,9.5
089,0,,3,13,0,0,1,1,0,2,0,2,3,2,3,1,1,1,1,1,8,8,8,7,,8,0,0,0,7,,6,,,0.074074074,1,0.666666667,2.833333333,1.666666667,0,0.333333333,0,0,0.333333333,3680000,0,7.75
090,0,,,9,1,1,1,1,1,3,1,3,3,2,3,1,1,1,1,1,7,7,8,4,6,12,1,0,0,9,,,,,0.037037037,0.333333333,0.666666667,3,1,0.666666667,0.333333333,0.333333333,0,1.333333333,60000,0,6.5
091,0,,,9,0,0,0,0,0,1,0,2,3,2,3,1,1,1,1,1,9,9,9,8,,1,1,0,0,5,,,4,,0,0,0,2.5,,0.714285714,0,0,0,0.714285714,0,0,8.75
092,0,,,8,0,0,1,1,0,3,0,1,3,3,3,1,2,1,1,1,9,9,9,7,,3,0,0,0,5,,3,,,0,0,0.333333333,2.833333333,,0,0,0,0,0,0,,8.5
093,0,,,8,0,0,0,0,0,1,1,3,2,3,2,1,1,1,1,1,8,8,8,8,,2,0,0,0,6,,,2,,0,0.333333333,0,2.833333333,2,0.285714286,0,0,0,0.285714286,9999999998,0,8
094,0,,,11,0,0,0,0,0,1,1,3,2,2,2,1,1,1,1,1,8,9,9,8,,3,1,0,0,8,,,3,,0.037037037,0.666666667,0,2.333333333,2,0,0,0.285714286,0,0.285714286,0,0,8.5
095,0,,,8,0,0,0,0,0,1,1,3,3,2,2,1,1,1,1,1,7,7,7,7,,3,0,50000,0,6,,,2,,0,0,0,2.5,,0.428571429,0.428571429,0,0,0.857142857,0,,7
096,0,,,11,0,0,0,0,0,2,0,2,2,3,2,1,1,1,1,0,8,9,7,7,,12,0,0,0,8,,,3,,0.074074074,0.333333333,0,2.333333333,3,0.333333333,0.333333333,0,0,0.666666667,0,0,7.75
097,1,2,3,11,0,0,0,1,1,3,0,8,3,2,2,1,1,1,1,1,8,8,8,9,,3,1,0,0,6,,5,,,0,0.666666667,0,2,4,0,0,0,0,0,3000000,0,8.25
098,1,3,,10,0,1,1,0,1,4,0,1,4,2,3,1,1,1,1,1,7,8,8,8,1,5,1,0,0,6,1,,3,,0.111111111,1,0.333333333,2.333333333,2.333333333,0.333333333,0.333333333,0.666666667,0.333333333,1.666666667,1000000,0,7.75
099,0,,,7,0,0,0,0,0,,0,,,,,,,,,0,,,,,,,0,0,0,4,,,3,,,,,,,,,,,,0,,
099,1,3,,,1,0,1,1,1,3,1,2,3,2,3,1,1,1,1,1,8,8,8,7,1,2,1,0,0,,,,,,0,0.333333333,0,2.333333333,2,0,0.285714286,0.285714286,0.285714286,0.857142857,1000000,0,7.75
100,0,,,10,0,0,1,1,1,3,1,3,3,3,3,1,1,1,1,1,8,8,8,8,5,3,1,0,0,6,,4,,,0,0.666666667,0,2.833333333,1,0.571428571,0,0,0,0.571428571,5000000,0,8
101,0,,,9,0,1,0,0,1,3,0,3,3,2,2,1,1,1,1,1,7,8,8,8,,2,0,0,0,5,,,4,,0,0,0,2.333333333,,0,0,0,0,0,0,,7.75
102,0,,,8,0,1,1,1,1,2,1,3,3,3,3,1,1,1,1,1,9,8,10,9,,3,1,0,0,6,,,2,,0,0.333333333,0,3,4,0,0,0,0,0,0,0,9
103,1,2,,10,1,0,0,1,0,2,1,3,3,3,2,1,1,1,1,1,7,8,8,7,2,5,1,25000,0,5,2,2,1,4,0,0,0,2.666666667,,0,0,0,0,0,2400000,0,7.5
104,0,,,8,0,0,0,0,0,2,0,2,3,2,2,1,1,1,1,0,10,10,10,10,,,1,0,0,5,,,3,,0,0,0.333333333,2.666666667,,1,1,1,0.25,3.25,0,0,10
105,0,,,8,0,0,0,0,0,2,0,3,3,3,3,1,1,1,1,1,10,10,10,10,,2,1,0,0,5,,,3,,0.037037037,0.666666667,0.333333333,2.833333333,1.5,0,1,0.333333333,0,1.333333333,0,0,10
106,0,,,8,1,0,1,1,1,3,0,1,2,2,2,1,1,1,1,1,5,6,5,3,7,4,1,0,0,4,,,4,,0,0,0,2.333333333,,0.333333333,0.333333333,0,0,0.666666667,700000,0,4.75
107,0,,,8,0,0,1,0,0,3,1,2,3,3,3,1,1,1,1,1,9,8,9,6,,4,0,0,0,7,,,1,,0.037037037,0.333333333,0.333333333,3,1,0.666666667,1,1,0.333333333,3,0,0,8
108,1,4,,8,1,1,1,1,1,1,0,2,3,2,2,1,1,1,1,1,9,9,10,8,,2,1,0,0,7,,,1,,0.037037037,0.666666667,0,3,1.5,0.666666667,0.666666667,0.333333333,0,1.666666667,0,0,9
109,0,,,11,0,0,0,0,1,3,0,3,2,2,2,1,1,1,1,0,8,8,8,7,,3,0,0,0,7,,,4,,0,0,0,2.666666667,,0.666666667,0,0,0,0.666666667,0,,7.75
110,0,,,13,0,1,1,1,0,2,1,3,3,2,3,1,1,1,1,0,9,9,9,9,,1,0,0,0,8,5,,,,0,0.666666667,0,2.5,1,0,0,0,0,0,9999999998,,9
111,0,,2,10,0,1,0,1,1,2,0,2,3,2,2,1,1,1,1,0,7,9,9,7,,3,0,0,0,7,,,3,,0,0,0,2,,0.6,0.6,0,0,1.2,24000,0,8
111,0,,,,0,0,0,0,0,,0,,,,,,,,,0,,,,,,,0,0,0,,,,,,0,0,0,2,,0.6,0.6,0,0,1.2,0,,
112,1,2,,8,1,0,0,0,1,3,1,3,3,2,3,1,1,1,1,1,8,7,8,8,,2,1,0,0,7,,,1,,0,0,0.333333333,2.333333333,,0,0,0,0,0,0,0,7.75
113,0,,,10,0,1,1,1,1,3,0,3,3,3,3,1,1,1,1,1,7,8,9,9,3,3,0,52500,1,8,2,,,,0,0.333333333,0,2.833333333,1,0,0.333333333,0,0,0.333333333,3750000,0,8.25
114,0,,,9,0,0,0,0,0,,0,1,,3,2,1,2,1,1,0,8,8,8,8,,,0,0,0,8,,1,,,0.037037037,0.333333333,0.333333333,2.5,2,0.333333333,0.333333333,0.333333333,0,1,0,,8
115,0,,,10,0,0,0,1,0,2,0,8,3,3,3,1,2,1,1,0,8,8,9,9,,2,1,30000,0,8,,,2,,0,0.666666667,0.333333333,3,1,0.714285714,0.714285714,0.428571429,0.428571429,2.285714286,0,0,8.5
116,0,,,9,0,0,0,1,0,3,0,3,3,3,3,1,1,1,1,0,10,10,9,10,,2,1,0,0,4,,,5,,0.037037037,0.333333333,0.333333333,3,2,0.666666667,0.333333333,0.333333333,0,1.333333333,0,0,9.75
117,0,,,8,0,1,1,1,0,1,0,1,3,2,3,1,1,1,1,1,7,8,7,7,,5,1,75000,0,5,,,3,,0,0,0,2.666666667,,0.714285714,0.571428571,0.285714286,0,1.571428571,0,0,7.25
118,0,,,10,1,1,1,1,0,3,1,3,3,3,3,1,1,1,1,1,8,8,9,8,,2,0,0,0,7,,1,2,,0.037037037,0.333333333,0,3,3,0.75,0.625,0,0,1.375,9999999998,,8.25
119,0,,,10,1,0,0,1,0,2,1,3,3,2,3,1,1,1,1,1,8,8,9,8,,3,1,0,0,7,,,3,,0.037037037,0.333333333,0,3,2,1,1,0,0,2,19999999996,0,8.25
120,0,,,9,0,1,1,1,0,3,1,3,3,3,2,1,1,1,1,1,9,9,9,9,,2,1,15000,1,5,,,4,,0,1,0.333333333,3,1.333333333,0.666666667,0.666666667,0.333333333,0,1.666666667,0,0,9
121,0,,,11,0,0,0,1,0,3,0,,3,2,3,1,1,1,1,1,8,9,9,8,5,3,1,10000,0,8,,,3,,0.111111111,1,0,2.666666667,1.333333333,0,0.285714286,0,0,0.285714286,50000,0,8.5
122,0,,,8,0,0,0,0,0,2,1,2,3,3,3,1,1,1,1,1,8,9,9,8,,2,0,10000,0,6,,,2,,0,0,0,3,,0,0.285714286,0.285714286,0.285714286,0.857142857,0,0,8.5
123,0,,1,8,0,1,1,0,1,3,1,2,3,3,3,1,1,1,1,1,7,7,7,7,,5,0,15000,0,6,,2,,,0.037037037,0.666666667,0,3,2,0,0.285714286,0.428571429,0,0.714285714,161000,0,7
124,0,,,7,0,0,0,0,1,3,0,4,3,3,3,1,1,1,1,1,8,8,8,8,,1,0,0,0,4,,,3,,0,0,0.333333333,2.333333333,,0.666666667,1,0,0,1.666666667,0,,8
125,0,,4,11,0,1,1,1,0,2,0,2,2,3,2,1,1,1,1,1,9,9,9,9,2,2,1,0,0,9,,,2,,0,0.666666667,0.666666667,2.666666667,1,0.666666667,0.666666667,0.666666667,0.333333333,2.333333333,6500000,0,9
126,0,,,11,0,0,1,1,1,2,1,3,3,3,3,1,1,1,1,1,8,7,7,8,8,1,1,0,0,8,,,3,,0.111111111,1,0.333333333,3,2,1,0.666666667,1,0,2.666666667,80000,0,7.5
127,0,,,7,0,0,0,0,0,1,0,2,3,2,2,1,1,1,1,0,8,7,7,8,,,1,0,0,5,,,2,,0,0.333333333,0.333333333,2.333333333,1,0,0.333333333,0.333333333,0,0.666666667,9999999998,0,7.5
128,1,3,,9,0,0,1,1,0,2,1,3,3,3,3,1,1,1,1,1,7,8,7,7,,1,1,0,0,7,,2,,,0,0,0,3,,0,0,0,0,0,0,0,7.25
129,0,,,8,0,0,0,1,0,2,0,2,3,2,3,1,1,1,1,1,7,8,9,7,,3,1,0,0,5,,3,,,0.074074074,0.333333333,0,3,1,0,0.333333333,0,0,0.333333333,0,0,7.75
130,0,,,9,1,0,1,1,1,3,0,2,3,3,3,1,1,1,1,1,6,8,7,6,,3,1,0,0,7,,2,,,0,0.333333333,0,3,1,0,0,0,0,0,0,0,6.75
131,0,,,10,0,1,1,0,0,2,0,2,3,3,3,1,1,1,1,0,8,9,9,5,,2,0,0,0,8,,,2,,0.074074074,1,0,3,1.333333333,1,0.666666667,0.666666667,0.333333333,2.666666667,0,,7.75
132,1,2,,8,0,0,0,1,0,3,0,2,3,2,2,1,1,1,1,1,9,10,10,7,,,0,60000,0,6,2,,,,0,0.333333333,0,2.5,1,0.285714286,0.571428571,0.285714286,0,1.142857143,0,,9
133,0,,,9,0,0,1,1,1,1,0,3,3,2,2,1,1,1,1,0,7,7,7,7,,3,1,0,0,5,,,4,,0,0.333333333,0,2.833333333,2,0,0.333333333,0,0,0.333333333,0,0,7
134,0,,,6,0,1,1,1,1,3,0,3,3,2,2,2,2,2,2,0,9,8,9,7,1,4,0,0,0,5,,,1,,0.074074074,0.666666667,0.666666667,2.666666667,2,0.666666667,0,0,0,0.666666667,10000,0,8.25
135,0,,,9,0,0,0,0,0,2,1,2,2,2,3,1,1,1,1,0,10,10,10,10,,2,1,0,0,7,,,2,,0.037037037,0.333333333,0.333333333,2.666666667,1,0,0,0.333333333,0,0.333333333,0,0,10
136,0,,,10,0,0,0,0,0,2,0,3,2,2,2,1,1,1,1,0,5,6,6,5,3,2,1,35000,0,6,1,,3,,0,1,0.333333333,2.333333333,1,1,0.666666667,0,0,1.666666667,3850000,0,5.5
137,0,,2,10,0,0,0,0,0,4,1,2,3,2,2,1,1,1,1,1,8,7,8,8,,3,1,10000,0,7,,3,,,0.111111111,0.333333333,1,2.333333333,2,0,0.285714286,0.285714286,0,0.571428571,2500,0,7.75
138,0,,3,9,0,1,1,0,0,3,1,2,3,3,2,1,1,1,1,1,10,10,10,10,,4,1,0,0,6,,,3,,0.148148148,0.666666667,0.666666667,2.333333333,1.5,0.428571429,0,0.428571429,0.285714286,1.142857143,3000,0,10
139,0,,,10,0,0,0,0,0,2,0,1,2,3,2,2,1,1,1,1,8,8,8,7,,2,0,0,0,8,,,2,,0.037037037,0.333333333,0.333333333,3.333333333,4,0.666666667,0.666666667,0.666666667,0.333333333,2.333333333,0,0,7.75
140,0,,2,8,1,1,1,0,1,2,1,3,2,2,3,1,3,1,3,1,9,9,9,8,,5,1,0,0,6,,,2,,0.037037037,0.666666667,0,2.666666667,1.5,0.571428571,0.285714286,0,0,0.857142857,20000,0,8.75
141,0,,,8,0,0,1,0,0,2,0,1,3,2,3,1,1,1,1,1,9,10,10,8,3,4,1,0,0,7,,,1,,0.074074074,0.666666667,0.666666667,2.833333333,1,0.666666667,0.666666667,0,0,1.333333333,30000,0,9.25
142,0,,,10,0,0,1,1,1,3,1,3,2,2,3,1,1,1,1,1,8,8,8,7,1,2,0,0,0,7,,,3,,0.185185185,1,1,3,2,1,0.666666667,1,0.666666667,3.333333333,13680000,0,7.75
143,0,,,6,0,0,1,1,0,3,0,8,2,2,3,1,1,1,1,0,10,10,10,1,,3,1,0,0,4,,,2,,0,0.333333333,0,3,1,1,1,0,0,2,0,0,7.75
144,0,,,10,0,1,1,1,0,2,1,3,4,2,3,1,1,1,1,1,10,10,10,8,,6,1,0,0,6,,,4,,0,0,0.333333333,2.5,,0,0,0.666666667,0.333333333,1,900000,0,9.5
145,0,,,9,0,1,0,0,0,3,0,8,3,2,2,1,1,1,1,0,8,8,8,98,2,3,0,1000,0,6,1,,2,,0.037037037,0.666666667,0.666666667,2.666666667,2,0,0,0.333333333,0,0.333333333,25000,0,30.5
146,0,,6,9,0,0,1,1,0,1,1,3,2,2,2,1,1,1,1,1,10,10,10,10,,3,1,3000,0,6,,3,,,0,0.666666667,0.333333333,2.666666667,1.5,1,1,0.666666667,0,2.666666667,60000,0,10
147,0,,,13,0,0,1,0,1,3,0,2,3,3,2,1,1,1,1,1,7,8,8,7,1,1,1,0,0,9,,,4,,0.037037037,0.666666667,0.333333333,2.333333333,1.5,0,0.666666667,0,0,0.666666667,15000,0,7.5
148,1,3,,10,1,0,1,0,0,3,1,2,2,2,2,1,1,1,1,1,8,7,7,7,1,6,0,0,0,7,,,3,,0.148148148,1,0,3,1.666666667,0.666666667,0.666666667,0,0,1.333333333,100000,0,7.25
149,0,,,10,0,1,1,1,0,2,0,3,3,2,2,1,1,1,1,1,10,10,10,7,2,2,0,0,0,7,,,3,,0.074074074,0.666666667,0,2.333333333,1,1,1,0,0,2,2912000,0,9.25
150,0,,,13,1,0,0,0,0,2,1,3,2,3,3,1,1,1,1,0,8,7,8,8,8,4,0,0,0,9,,,4,,0,0.666666667,0,2.666666667,1,0,0.333333333,0,0,0.333333333,8000000,0,7.75
151,0,,,10,0,0,0,0,1,4,0,2,2,2,2,1,2,1,1,1,8,10,8,6,,2,1,0,0,7,,,3,,0.074074074,0.666666667,0,3,1.5,0.333333333,0,0,0,0.333333333,0,0,8
152,0,,,9,0,0,0,0,0,1,0,2,2,3,2,1,1,1,1,0,10,10,10,10,,3,0,0,0,8,,1,,,0.074074074,1,0,2.333333333,1.333333333,0,0,0.666666667,0,0.666666667,0,0,10
153,0,,,10,0,1,0,1,0,4,0,2,2,2,2,1,1,1,1,1,10,10,10,10,5,3,1,0,0,8,,,2,,0.074074074,0.333333333,0,2,2,0.428571429,0,0.285714286,0,0.714285714,50000,0,10
154,0,,,11,0,0,1,0,0,2,0,3,2,2,3,1,1,1,1,1,9,8,8,7,3,3,1,0,0,9,,1,1,,0.055555556,0.5,0,2.5,1,0,0,0,0,0,30000,0,8
155,0,,7,12,1,1,1,0,1,2,0,3,3,3,3,1,1,1,1,0,10,6,10,3,,3,1,0,0,7,,,5,,0,0.666666667,0,2.333333333,2,0,0.285714286,0,0,0.285714286,7500,0,7.25
156,0,,,10,0,0,1,0,0,2,0,2,3,2,2,1,2,1,1,1,10,10,10,10,,2,1,0,0,6,,1,3,,0,0.333333333,0.333333333,2.666666667,2,0,0,0,0,0,0,0,10
157,0,,,11,0,0,0,0,0,8,0,2,3,3,3,1,1,1,1,1,8,8,8,7,,2,1,0,0,9,,1,1,,0,0.333333333,0,2.166666667,2,0,0.666666667,0.333333333,0,1,0,0,7.75
158,0,,3,10,0,0,0,1,0,3,1,3,3,3,3,1,1,1,1,1,10,10,10,10,,4,1,48000,0,8,,,2,,0.148148148,0.666666667,0.666666667,2.666666667,2.5,0.571428571,0.571428571,0.285714286,0,1.428571429,3000,0,10
159,0,,,7,0,0,1,1,1,3,1,4,3,3,2,1,1,1,1,1,8,9,10,6,1,4,1,31000,0,6,,,1,,0.333333333,1,0,2.666666667,3,0,1,0.666666667,0,1.666666667,10000,0,8.25
160,0,,,12,1,0,1,1,0,2,0,2,3,3,3,1,1,1,1,0,10,10,9,8,,3,1,0,0,8,,,4,,0.037037037,0.666666667,0,3,1.5,0,0.666666667,0,0,0.666666667,0,0,9.25
161,0,,1,10,0,0,0,1,1,3,0,2,2,2,2,1,1,1,1,1,8,9,9,5,,2,0,0,0,6,,2,2,,0,0.5,1,3.5,2,0.6,0.6,0.6,0,1.8,14000,,7.75
162,0,,,13,0,0,0,0,0,2,0,2,3,2,3,1,1,1,1,0,7,7,7,6,,4,1,15000,0,9,,3,1,,0,0.333333333,0,2.333333333,1,0.571428571,0.285714286,0,0,0.857142857,0,0,6.75
163,0,,,11,0,1,0,1,1,2,1,3,3,2,3,1,1,1,1,1,10,9,9,5,,3,1,0,0,10,,,1,,0.148148148,1,0.333333333,2,1.666666667,0,0.333333333,0,0,0.333333333,0,0,8.25
164,0,,,11,0,0,1,1,0,3,0,3,3,3,2,1,1,1,1,0,8,8,8,6,,4,1,0,0,9,,,2,,0.259259259,1,1,2.666666667,2.666666667,1,1,1,0.333333333,3.333333333,0,0,7.5
165,0,,,10,0,1,1,1,0,3,0,3,3,2,3,1,1,1,1,1,10,10,10,10,2,2,1,0,0,6,,,4,,0.148148148,1,0,2.666666667,2,0.333333333,0.333333333,0,0,0.666666667,20000,0,10
166,0,,,11,1,0,1,1,0,3,0,2,3,2,2,1,1,1,1,1,8,8,9,6,1,3,1,0,0,8,,,3,,0.037037037,1,0.333333333,3,1.666666667,1,1,0,0,2,1230000,0,7.75
167,0,,3,11,1,1,1,1,1,3,0,8,3,3,2,1,1,1,1,1,10,10,10,10,,5,1,0,0,6,,1,4,,0.037037037,0.333333333,0,2.5,1,0,1,1,0.333333333,2.333333333,3500,0,10
168,0,,,11,0,1,0,1,0,1,0,1,2,2,3,1,1,1,1,1,10,10,10,9,,2,0,5000,0,7,,,4,,0,0,0,2.333333333,,1,1,0.285714286,0,2.285714286,0,0,9.75
169,0,,,10,1,0,1,1,0,3,0,2,3,3,2,1,1,1,1,1,9,9,9,8,1,1,1,0,0,6,,,4,,0.037037037,1,0.333333333,2.333333333,2,1,1,0.571428571,0,2.571428571,1710000,0,8.75
170,0,,,9,0,0,1,1,1,2,0,2,2,2,2,1,1,1,1,1,1,10,1,1,,3,1,24000,0,7,,2,,,0,0,0,2.666666667,,0,0,0,0,0,0,0,3.25
171,0,,,13,0,0,0,0,0,3,0,8,2,,2,1,1,1,1,1,98,98,98,98,,,0,0,0,8,,,5,,0,0,0.5,2.875,,0,0,0.8,0,0.8,0,0,98
172,0,,,13,0,1,1,0,0,2,0,8,3,2,3,1,1,1,1,1,10,10,10,1,,3,0,500,0,9,,,4,,0,0.333333333,0,2.666666667,1,0.285714286,0.571428571,0,0,0.857142857,0,0,7.75
173,0,,,11,0,0,1,0,1,3,1,2,2,2,2,1,1,1,2,1,10,10,10,10,,6,0,0,0,7,,4,,,0,0,0,2.666666667,,0,0,0.333333333,0,0.333333333,0,,10
174,0,,,10,1,0,0,0,1,3,1,3,2,2,2,1,1,1,1,1,9,9,8,7,3,2,0,0,0,6,,4,,,0.037037037,0.333333333,0.333333333,2.5,2,0.285714286,0,0.571428571,0,0.857142857,30000,0,8.25
175,0,,,12,0,0,0,0,0,3,0,2,3,2,2,1,1,1,1,1,7,7,6,5,5,3,1,0,0,6,,,6,,0,0.666666667,0,2,3.5,0.75,0.375,0.75,0,1.875,500000,0,6.25
176,0,,,10,0,0,1,1,0,2,0,2,3,3,3,1,1,1,1,1,10,10,10,10,7,1,1,0,0,6,,,4,,0.037037037,0.333333333,0,2.666666667,3,0,1,0.666666667,0.666666667,2.333333333,75000,0,10
177,0,,,10,0,1,0,0,0,2,0,2,3,3,3,1,1,1,1,1,8,9,9,7,,4,0,10000,0,6,,,4,,0.074074074,0.666666667,0.333333333,2.333333333,1,1,1,0.333333333,0,2.333333333,0,0,8.25
178,0,,,14,0,0,0,0,0,2,0,2,2,2,2,1,1,1,1,1,8,9,10,7,,2,0,4000,0,8,,1,5,,0,0,0.333333333,2.833333333,,0.333333333,0.333333333,0,0,0.666666667,0,0,8.5
179,0,,,9,0,0,0,0,0,2,0,2,2,3,2,2,2,1,1,1,7,6,7,6,,2,0,48000,0,7,,,2,,0.037037037,0.333333333,0.333333333,2.666666667,1,0,0.666666667,0.333333333,0,1,0,0,6.5
180,0,,,10,0,0,0,0,0,3,1,3,3,2,2,1,1,1,1,1,10,10,10,9,3,2,0,0,0,7,,,3,,0.037037037,0.666666667,0,2.333333333,1.5,0.333333333,0.333333333,0,0,0.666666667,3000000,0,9.75
181,0,,,11,0,0,0,1,0,8,0,8,3,3,2,1,1,1,1,1,8,9,8,8,5,2,1,4000,0,8,,,3,,0,0.666666667,0.333333333,2.5,1,0,1,0,0,1,50000,0,8.25
182,0,,,9,1,0,0,0,0,2,0,2,2,2,3,2,2,1,1,0,10,10,10,10,,2,0,25000,0,7,,2,,,0.074074074,1,0,2,2,0.333333333,0.666666667,0.333333333,0.333333333,1.666666667,0,,10
183,0,,,10,0,1,0,0,0,8,0,2,3,3,2,1,1,1,1,1,7,8,8,7,,2,1,0,0,6,,,4,,0.111111111,1,0.333333333,2.666666667,2.333333333,0.666666667,1,0.666666667,0,2.333333333,9999999998,0,7.5
184,0,,,13,0,0,0,0,0,3,1,2,2,2,2,1,1,1,1,1,10,10,10,8,1,2,0,0,0,8,,5,,,0.111111111,0.666666667,0.333333333,2.666666667,2,0.333333333,0.333333333,0.333333333,0,1,105000,,9.5
185,0,,,12,0,0,0,1,0,2,0,2,2,2,2,1,1,1,1,0,6,7,6,6,,3,1,10000,0,8,,,4,,0,0.666666667,0,3,1,1,1,0,0,2,0,0,6.25
186,0,,,12,0,1,1,0,0,2,0,1,3,3,2,1,2,1,1,0,7,8,8,8,,3,0,0,0,7,,,5,,0.111111111,1,0,3,2,0.666666667,1,0,0,1.666666667,0,0,7.75
187,0,,,8,0,0,0,0,1,3,1,2,3,3,2,1,1,1,1,1,10,10,10,7,1,2,1,0,0,5,,,3,,0.148148148,1,0.333333333,2.666666667,2.333333333,0.333333333,0.333333333,1,0.333333333,2,15000,0,9.25
188,0,,,11,1,0,0,0,0,3,0,2,2,2,3,1,1,1,1,1,6,6,10,8,,2,0,0,0,7,,,4,,0.037037037,0.333333333,0,2.833333333,1,0.666666667,0.666666667,0,0,1.333333333,0,0,7.5
189,0,,,12,0,0,0,1,0,2,0,8,3,3,3,1,1,1,1,0,10,10,10,1,,2,1,0,0,7,,,5,,0,1,0,3,1,0.333333333,1,0.666666667,0.333333333,2.333333333,0,0,7.75
190,0,,,8,0,0,1,1,0,1,0,2,2,2,2,1,1,1,1,0,9,9,8,8,,5,1,0,0,6,,,2,,0,0,0,3,,1,1,0,0,2,0,0,8.5
191,0,,,10,0,1,1,1,1,2,0,1,3,2,3,1,1,1,1,0,9,9,8,6,,2,1,1000,0,8,,,2,,0.074074074,0.666666667,0.333333333,2,2,0.333333333,0.333333333,0.333333333,0,1,0,0,8
192,0,,,9,0,0,1,1,0,2,0,3,3,3,2,1,1,1,1,1,10,9,9,8,,3,1,5000,0,7,,,2,,0.037037037,0.333333333,0,2.333333333,3,1,1,0.333333333,0,2.333333333,0,0,9
193,0,,,10,0,0,1,1,1,3,0,2,3,3,3,1,1,1,1,1,10,10,10,10,,4,0,0,0,8,,,2,,0.111111111,1,1,3,2.333333333,0.714285714,0.714285714,1,0.285714286,2.714285714,0,,10
194,0,,,6,1,0,0,1,1,3,1,2,3,2,3,1,1,1,1,1,8,8,7,5,,4,0,0,0,6,,,,,0.037037037,0.666666667,0,3,2,0.285714286,0,0,0,0.285714286,0,,7
195,0,,,7,1,0,0,1,0,8,0,1,2,2,2,1,1,1,1,1,6,6,7,6,,4,1,0,0,5,,,2,,0,0.333333333,0,2.5,1,0,0,0,0,0,0,0,6.25
196,0,,,8,1,0,1,1,0,3,0,3,3,,2,1,1,1,1,0,,,,,,4,1,40000,0,6,,2,,,0.074074074,0.666666667,0,2.666666667,2,0.571428571,0.571428571,0,0,1.142857143,0,0,
197,0,,,12,0,0,1,1,0,3,0,2,2,2,2,1,1,1,1,1,8,8,9,7,1,3,1,0,0,8,,,4,,0.111111111,1,0,2.333333333,1.5,1,1,0.75,0,2.75,1700000,0,8
198,0,,,9,0,0,1,1,0,8,1,3,2,2,2,1,1,1,1,1,9,10,10,10,,3,1,0,0,7,,,2,,0.037037037,0.333333333,0.666666667,2.666666667,1,0,0,0.666666667,0,0.666666667,0,0,9.75
199,0,,,7,1,0,1,1,0,3,0,2,3,2,3,1,1,1,1,0,10,10,10,1,4,1,1,0,0,5,,,2,,0.037037037,1,0.333333333,2.666666667,1,0.666666667,1,1,1,3.666666667,40000,0,7.75
200,0,,,9,0,0,0,1,0,2,0,,2,2,2,1,1,1,1,0,10,10,10,8,,4,1,0,0,6,,,3,,0.148148148,1,0.666666667,2.333333333,2,1,1,1,0.333333333,3.333333333,0,0,9.5
201,0,,,7,1,0,1,1,0,2,0,2,2,2,3,1,1,1,1,0,7,8,7,6,,3,1,25000,0,6,,,1,,0.111111111,1,0.333333333,2.666666667,2.333333333,1,1,1,1,4,0,0,7
202,0,,,10,0,1,1,1,0,3,1,3,3,3,2,1,1,1,1,0,8,8,9,8,,1,1,0,0,8,,,2,,0,0.333333333,0,2.666666667,2,1,1,0,0,2,0,0,8.25
203,0,,,12,1,0,1,1,0,2,0,2,3,3,2,1,1,1,1,1,8,9,9,7,,2,1,0,0,9,,,3,,0.148148148,1,0.666666667,2.333333333,2.333333333,0.666666667,1,1,1,3.666666667,0,0,8.25
204,0,,,8,0,0,1,0,0,2,0,,3,2,3,1,1,1,1,1,8,8,8,6,7,1,1,0,0,8,,,,,0,0.333333333,0.333333333,2.666666667,1,0.375,0,0,0,0.375,75000,0,7.5
205,0,,,13,0,1,0,0,0,2,0,3,3,2,3,1,1,1,1,0,8,8,8,7,,,1,0,0,12,,,1,,0,0.666666667,0,2.166666667,1.5,0,0,0,0,0,0,0,7.75
206,0,,,11,0,0,0,0,1,3,0,8,3,2,2,1,1,1,1,1,7,8,7,6,,2,0,0,0,9,,,2,,0.037037037,0.666666667,0.333333333,1.666666667,2,0.666666667,0.333333333,0,0,1,0,0,7
207,0,,,11,0,1,0,0,1,3,1,3,3,2,2,1,1,1,1,0,8,8,8,8,,3,1,0,0,8,,,3,,0,0,0,3,,1,0.666666667,0.333333333,0,2,0,0,8
208,0,,,11,0,0,0,0,0,2,1,3,3,3,3,1,1,1,1,1,9,9,9,8,,3,1,0,0,9,,,2,,0.148148148,0.333333333,0,3,2,1,0.333333333,0,0,1.333333333,0,0,8.75
209,0,,,11,0,0,0,0,0,,0,,3,2,3,1,1,1,1,1,8,8,8,5,,3,0,0,0,9,,,2,,0.037037037,0.333333333,0,2.5,3,0,0.333333333,0.333333333,0,0.666666667,0,,7.25
210,0,,,14,0,0,0,0,0,8,0,,3,2,2,1,1,8,1,1,8,9,8,8,,1,1,0,0,10,,,4,,0.037037037,0.333333333,0.333333333,3,1,0.333333333,0.333333333,0,0,0.666666667,0,0,8.25
211,0,,,11,0,0,0,0,0,2,0,8,3,3,3,1,1,1,1,1,10,10,10,8,,3,0,0,0,9,1,,1,,0.055555556,0.5,0,2.5,2,0.571428571,0.285714286,0,0,0.857142857,0,0,9.5
212,0,,5,16,1,0,0,0,0,3,0,8,3,2,3,1,1,1,1,1,9,8,9,9,7,4,1,0,0,11,,,5,,0,0,0.333333333,2.333333333,,0,1,0,0,1,80000,0,8.75
213,0,,,13,0,0,0,1,1,3,0,3,2,3,2,1,1,1,1,1,8,7,8,7,,1,0,0,0,9,,4,,,0,0,0,2.333333333,,0.666666667,1,0.333333333,0,2,0,,7.5
214,1,3,1,14,0,0,1,1,0,3,0,8,3,2,2,1,1,1,1,1,8,8,8,8,,1,0,7500,0,11,,,3,,0.037037037,0.666666667,0.666666667,3,1.5,0.333333333,0.333333333,0,0,0.666666667,10000,,8
215,0,,,11,0,0,0,0,0,2,0,8,2,3,2,1,1,1,1,0,8,8,9,9,,1,0,0,0,8,,,3,,0,0,1,2.5,,0.666666667,0.333333333,0.333333333,0,1.333333333,0,,8.5
216,1,3,,9,0,0,1,1,1,3,0,3,2,3,3,1,1,1,1,1,7,8,8,5,,3,1,30000,0,7,,,2,,0,0.333333333,0,2.5,2,0.333333333,0.666666667,0,0,1,0,0,7
217,0,,,9,0,0,0,0,1,3,1,3,3,2,2,1,1,1,1,1,8,8,9,8,,1,1,0,0,7,,,2,,0.037037037,0.666666667,0.666666667,2.833333333,3,0,0,0.25,0,0.25,0,0,8.25
218,0,,,,0,0,0,0,0,2,0,3,2,2,2,1,1,1,1,1,8,8,8,8,,2,1,0,0,,,,,,0.111111111,0.666666667,0,2,2,0,0.666666667,0,0,0.666666667,9200000,0,8
219,0,,5,19,0,0,0,0,0,3,1,3,3,2,2,1,1,1,1,1,9,9,9,8,,2,1,0,0,16,,,3,,0.055555556,0.5,0,2.5,1,0.666666667,0.333333333,0.333333333,0,1.333333333,5000,0,8.75
220,0,,,11,0,0,1,1,0,3,0,3,3,3,3,1,1,1,1,1,8,8,8,8,3,3,1,0,0,8,,,3,,0.074074074,0.666666667,0,2.666666667,2,0.333333333,0.666666667,0,0,1,37500,0,8
221,0,,,11,0,0,1,0,1,3,0,3,3,3,2,1,1,1,1,0,8,8,7,7,,3,1,0,0,8,,,3,,0.037037037,1,0,2.5,1.333333333,1,0.333333333,0,0,1.333333333,0,0,7.5
222,0,,,9,0,1,1,1,1,3,1,3,2,3,3,1,1,1,1,1,7,8,7,6,,3,1,0,0,6,,,3,,0,0,0,3,,0,0,0.333333333,0,0.333333333,0,0,7
223,0,,,10,0,0,0,0,0,3,1,3,3,2,3,1,1,1,1,0,8,8,8,7,,3,0,0,0,7,,,3,,0.148148148,1,1,3.166666667,2,1,0.285714286,0.428571429,0,1.714285714,0,,7.75
224,0,,,8,0,0,1,1,1,3,1,3,3,3,3,2,1,1,1,1,9,9,10,8,,2,0,0,0,8,,,,,0,0,0,3,,0.333333333,0.333333333,0,0,0.666666667,0,,9
225,0,,,10,0,0,0,1,1,3,0,2,2,3,2,1,1,1,1,1,8,8,8,7,,1,1,0,0,8,,,2,,0.074074074,0.666666667,0,2.5,2,0.571428571,0,0.285714286,0,0.857142857,0,0,7.75
226,0,,,12,1,1,1,1,0,3,0,3,3,2,3,1,1,1,1,1,9,9,9,8,,2,0,0,0,9,,3,,,0.111111111,1,0.333333333,3,2.333333333,0,0,0.666666667,0,0.666666667,0,0,8.75
227,0,,,10,0,0,1,1,1,2,1,3,3,3,3,1,1,1,1,1,8,8,8,6,,3,0,0,0,8,,,2,,0.333333333,1,1,2.5,2.5,0.571428571,1,0.285714286,0.285714286,2.142857143,0,,7.5
228,0,,5,10,0,1,1,0,1,3,0,3,3,2,3,1,1,1,1,1,8,8,8,7,,2,1,70000,1,7,,,3,,0.111111111,0.333333333,0.666666667,3,4,0,0.714285714,0.428571429,0,1.142857143,5000000,0,7.75
229,0,,,12,0,0,0,0,0,3,0,,2,3,2,1,1,1,1,1,7,7,8,6,,1,1,0,0,9,,,3,,0,0.333333333,0,2.666666667,2,1,1,0.333333333,0.333333333,2.666666667,0,0,7
230,0,,,11,0,0,0,0,0,2,0,3,3,3,3,1,1,1,1,1,8,8,8,7,2,2,1,0,0,9,,,2,,0.074074074,0.666666667,0.333333333,2.666666667,2.5,1,1,1,0.333333333,3.333333333,2250000,0,7.75
231,0,,,11,0,0,0,0,0,1,0,1,3,2,3,2,2,1,1,1,6,7,7,6,4,2,1,0,0,9,,,2,,0.074074074,1,0.333333333,2.666666667,2,1,1,0.285714286,0,2.285714286,4000000,0,6.5
232,0,,1,11,0,0,1,1,1,2,1,2,3,3,2,1,1,1,1,1,9,9,10,9,7,2,1,0,0,7,,,4,,0.148148148,1,0.666666667,2.666666667,2.333333333,1,1,1,0.571428571,3.571428571,85000,0,9.25
233,0,,,10,1,0,0,1,0,2,0,2,3,2,3,1,1,1,1,1,8,9,8,8,3,1,1,0,0,8,,,2,,0.111111111,0.666666667,0.666666667,2.833333333,3,1,0.571428571,0,0,1.571428571,3800000,0,8.25
234,0,,,10,1,0,0,0,0,1,0,2,3,2,3,1,1,1,1,1,8,8,8,8,7,2,0,0,0,8,,,2,,0.074074074,0.666666667,0,2.666666667,1,1,1,0.333333333,0,2.333333333,7750000,0,8
235,0,,1,13,0,0,1,0,0,,0,,3,2,2,1,1,1,1,1,7,8,8,7,,1,1,0,0,9,,,4,,0.037037037,0.666666667,0,2.5,1,1,0.333333333,0,0,1.333333333,13000,0,7.5
236,1,3,,12,1,0,1,0,1,3,0,3,3,3,3,1,1,1,1,1,9,9,9,8,5,1,1,0,0,8,,3,1,,0.111111111,1,0.333333333,2.666666667,2,1,1,0.666666667,0.333333333,3,50000,0,8.75
237,0,,,13,0,0,0,0,0,,0,,3,3,2,1,1,1,1,1,7,7,8,7,8,2,0,0,0,9,,,4,,0.037037037,0.666666667,0,2.666666667,1,1,0.666666667,0.333333333,0,2,8400000,0,7.25
238,0,,,13,0,0,1,0,0,,0,,2,2,2,,,,,1,8,8,8,8,,,0,0,0,11,,,2,,0.074074074,0.666666667,0.333333333,2.333333333,1.5,1,1,0.25,0,2.25,0,0,8
239,0,,,12,1,0,1,0,0,3,1,3,3,2,2,1,1,1,1,1,8,8,8,8,,2,1,0,0,10,1,,1,,0.074074074,0.666666667,0,2.666666667,2,1,1,0.333333333,0.333333333,2.666666667,0,0,8
240,0,,,13,0,0,0,0,0,2,0,,2,3,3,1,1,1,1,1,7,7,8,8,2,1,1,0,0,9,,4,,,0.074074074,1,0.333333333,2.666666667,1,1,0.666666667,0.333333333,0,2,23000000,0,7.5
241,0,,,12,0,0,0,0,0,3,0,2,3,2,2,1,1,1,1,1,10,10,10,10,,2,1,0,0,9,,,3,,0,0.666666667,0,3,1,0.571428571,0.714285714,0,0,1.285714286,0,0,10
242,1,3,5,10,0,0,0,0,1,3,0,2,3,3,3,1,1,1,1,1,8,7,9,8,,1,1,0,0,6,,,4,,0.074074074,0.666666667,0,2.666666667,2,0.666666667,0.333333333,0.333333333,0,1.333333333,5080000,0,8
243,0,,,10,0,0,0,0,1,2,0,2,3,3,2,1,1,1,1,1,8,8,8,8,,2,1,0,0,7,,,3,,0.111111111,1,0.333333333,2.5,1.333333333,1,0.666666667,0,0,1.666666667,9999999998,0,8
244,0,,,9,0,0,0,0,0,3,0,1,2,2,3,1,1,1,1,1,7,8,9,7,,1,0,0,0,6,,,3,,0,0,0,2.666666667,,0.666666667,0.333333333,0.333333333,0,1.333333333,0,0,7.75
245,0,,,11,0,0,0,0,0,3,0,3,3,3,2,1,1,1,1,0,7,7,8,6,,1,0,0,0,7,,,4,,0,0,0,2.666666667,,1,0.571428571,0,0,1.571428571,0,,7
246,0,,,11,1,0,0,0,0,3,1,3,3,2,2,1,1,1,1,1,7,8,8,7,4,1,0,0,0,8,,3,,,0.074074074,1,0,2.833333333,2,1,1,0,0,2,4500,0,7.5
247,0,,,10,0,0,0,0,0,2,0,2,2,2,2,1,1,1,1,0,7,7,8,6,,1,1,0,0,8,,,2,,0,0.333333333,0,2.833333333,2,1,0.714285714,0,0,1.714285714,0,0,7
248,0,,,11,0,0,0,1,0,3,0,3,3,3,2,1,1,1,1,1,8,8,8,8,3,2,1,0,0,9,,,2,,0.148148148,1,1,2.833333333,2.666666667,1,0,0.333333333,0,1.333333333,35000,0,8
249,0,,,9,0,0,1,0,0,2,0,2,2,2,2,1,1,1,1,1,9,9,10,10,,2,1,0,0,7,,,2,,0.037037037,0.333333333,0,2.333333333,2,1,0.666666667,0.666666667,0,2.333333333,0,0,9.5
250,0,,,12,0,0,0,0,1,2,0,3,2,2,2,1,1,1,1,1,8,8,8,8,4,1,0,0,0,9,,,3,,0.074074074,0.666666667,0.333333333,3,2,1,1,0.666666667,0,2.666666667,4800000,,8
251,0,,,11,0,0,0,0,1,2,1,3,2,2,3,1,1,1,1,1,8,8,8,7,,1,1,0,0,11,,,,,0,0.333333333,0,2.833333333,1,1,0.25,0,0,1.25,0,0,7.75
252,0,,,11,0,0,1,0,0,2,1,3,3,3,3,1,1,1,1,1,10,10,10,6,,3,0,500000,1,8,,,3,,0,0,0,2.666666667,,0.333333333,0,0,0,0.333333333,0,0,9
253,1,3,,10,0,0,0,1,0,2,1,3,3,3,3,1,1,1,1,1,10,10,10,8,,2,0,10500,1,9,,,1,,0,0.333333333,0,2.666666667,1,0.285714286,0.285714286,0,0,0.571428571,0,0,9.5
254,0,,,9,0,0,0,0,0,2,0,2,3,3,3,1,1,1,1,0,7,7,7,6,,1,0,0,0,9,,,,,0.185185185,0.333333333,0.333333333,3,4,1,0.714285714,1,0.285714286,3,0,0,6.75
255,0,,,8,1,0,0,0,0,2,1,4,3,2,3,1,1,1,1,1,7,7,7,6,,1,0,0,0,7,,,1,,0.111111111,1,0.666666667,2.666666667,2.666666667,1,1,0.333333333,0.333333333,2.666666667,0,0,6.75
256,0,,,10,1,1,1,1,0,3,0,8,2,3,3,1,1,1,1,1,9,8,8,7,,2,1,0,0,8,,,2,,0.074074074,1,0.666666667,2.333333333,2,1,1,1,0.333333333,3.333333333,0,0,8
257,0,,,13,0,0,0,0,1,3,0,3,2,2,2,1,1,1,1,1,8,7,8,5,,1,1,0,0,10,,,3,,0.222222222,0.666666667,0.333333333,2.5,3.5,1,0.666666667,0.333333333,0.333333333,2.333333333,0,0,7
258,0,,7,11,0,0,1,1,0,3,0,3,3,2,2,1,1,1,1,1,9,8,9,7,,1,1,0,0,10,,,1,,0.037037037,0.333333333,0,3,2,1,1,0,0,2,75000,0,8.25
259,0,,,9,0,1,0,0,1,3,1,2,8,3,3,1,2,1,1,0,10,10,10,10,,,0,0,0,9,,,,,0.037037037,0.333333333,0,2.666666667,2,1,0.285714286,0,0,1.285714286,0,,10
260,1,3,,11,0,0,0,0,0,2,0,2,3,3,3,2,2,1,1,1,9,9,9,7,,2,1,0,0,10,,,1,,0,0,0,2.5,,0.666666667,0.666666667,0,0,1.333333333,0,0,8.5
261,1,1,,12,0,0,0,0,1,2,0,2,2,2,3,1,2,1,1,1,7,7,8,7,,2,1,0,0,10,,,2,,0,0.333333333,0,2.666666667,2,1,0.571428571,0,0,1.571428571,0,0,7.25
262,0,,7,16,0,0,0,0,0,3,0,3,3,3,3,1,1,1,1,1,8,9,8,6,,1,1,0,0,13,,2,1,,0.037037037,1,0,2.833333333,1,1,0,0,0,1,7500,0,7.75
263,0,,,9,0,1,1,0,1,2,0,1,3,3,2,1,1,1,1,1,7,7,7,7,5,,0,0,0,7,,,2,,0.111111111,1,0.5,3,3,1,1,0.571428571,0.285714286,2.857142857,5000,,7
264,1,3,5,11,0,0,1,1,1,3,1,3,2,2,3,1,1,1,1,1,9,8,8,7,2,1,1,5000,0,7,,,4,,0.055555556,0.5,1,3,2,0.333333333,0.333333333,0.333333333,0,1,2005000,0,8
265,0,,,9,0,1,1,0,1,4,0,8,3,2,2,1,1,1,1,1,8,8,8,6,3,2,0,0,0,7,,2,,,0,0,0.666666667,2.666666667,,0.666666667,0,0.333333333,0,1,30000,,7.5
266,0,,,9,0,1,1,0,0,8,0,3,2,2,2,1,1,1,1,1,9,10,10,6,6,2,0,0,0,7,,1,1,,0.166666667,1,1,3,2.5,1,0.666666667,1,0.333333333,3,60000,,8.75
267,0,,,8,0,0,1,0,1,3,0,2,3,2,2,1,2,1,1,1,7,7,8,8,1,3,0,0,0,6,,,2,,0.296296296,1,0.666666667,2.666666667,2.333333333,0.666666667,1,1,1,3.666666667,10000,,7.5
268,0,,,9,0,0,1,0,1,3,0,2,2,2,3,2,2,1,2,1,8,8,8,7,,2,0,0,0,7,,2,,,0,0,0.333333333,3,,0.333333333,0.666666667,0.333333333,0,1.333333333,0,,7.75
269,1,3,,7,0,0,0,1,1,4,1,3,3,3,3,1,1,1,1,1,10,10,10,6,6,2,1,0,0,4,,1,2,,0,0.5,0,3,3,0,0,0,0.333333333,0.333333333,60000,0,9
270,0,,,10,0,0,0,1,0,2,1,2,2,2,2,2,1,1,1,1,8,8,8,7,1,,1,20000,0,6,,,,,0.074074074,0.666666667,0.333333333,2.333333333,2,0.666666667,1,0.666666667,0,2.333333333,10000,0,7.75
271,0,,,10,0,1,1,1,0,3,0,2,3,3,2,1,1,1,1,1,6,7,7,5,,3,0,0,0,7,,,3,,0.185185185,1,1,3,2,1,1,1,0.666666667,3.666666667,0,,6.25
272,0,,2,9,0,1,1,0,1,2,0,3,3,2,2,1,1,1,1,1,8,8,9,7,,1,0,0,0,8,,1,,,0.111111111,1,0.666666667,2.333333333,1.333333333,1,0.666666667,0.666666667,0.666666667,3,2500,,8
273,0,,2,9,0,1,0,0,1,3,0,8,2,2,2,1,1,1,1,1,9,9,9,9,,,0,0,0,5,,,4,,0.185185185,1,0.666666667,2.666666667,3,1,0.333333333,0.333333333,0.333333333,2,2000,,9
274,1,3,,9,0,1,1,1,1,3,0,2,3,2,3,1,1,1,1,1,7,8,8,7,5,3,1,30000,0,9,,,,,0.740740741,1,0.666666667,3,2.666666667,1,1,1,1,4,50000,0,7.5
275,0,,,10,0,0,1,1,1,3,1,2,2,2,2,1,1,1,1,1,7,9,10,6,,1,1,0,0,7,,1,2,,0.111111111,1,0.666666667,2.333333333,3,1,1,1,0.333333333,3.333333333,0,0,8
276,1,2,1,9,0,0,0,0,1,3,1,3,3,3,2,1,1,1,1,1,8,8,8,6,,2,1,0,0,5,,4,,,0.074074074,0.666666667,0.333333333,2.666666667,2.5,1,1,1,0.285714286,3.285714286,1000,0,7.5
277,1,3,1,9,0,0,1,1,1,3,1,3,3,3,3,1,1,1,1,1,7,7,8,7,,1,1,5000,0,6,,3,,,0.222222222,1,0.333333333,2.666666667,2.666666667,1,0.666666667,1,0.666666667,3.333333333,1000,0,7.25
278,0,,,9,0,0,1,1,1,1,1,3,3,2,2,1,1,1,1,1,10,10,10,10,,3,1,0,0,6,,3,,,0.074074074,1,0.333333333,2.666666667,1.666666667,0.333333333,0.333333333,0,0,0.666666667,0,0,10
279,1,3,,11,0,0,0,1,1,2,0,3,2,2,3,1,1,1,1,1,10,10,8,10,5,2,1,0,0,8,,3,,,0.037037037,0.333333333,0.333333333,2,3,0.333333333,0.333333333,0,0,0.666666667,5000000,0,9.5
280,1,2,,11,0,0,0,1,0,2,0,3,2,3,2,2,1,1,1,0,10,10,10,1,,1,1,0,0,7,,4,,,0,0.333333333,0.666666667,2,1,0.333333333,0.333333333,0,0,0.666666667,0,0,7.75
281,0,,,10,0,0,1,0,0,1,1,2,2,2,2,1,1,1,1,0,7,7,7,6,6,3,0,1000,0,8,,2,,,0.333333333,1,0.666666667,2.666666667,2.666666667,0.333333333,0.666666667,0.666666667,0.666666667,2.333333333,6000000,0,6.75
282,0,,,10,0,0,1,1,0,2,0,3,3,3,3,1,1,1,1,1,8,8,8,6,1,2,0,0,0,7,,1,2,,0,0.666666667,0.333333333,2.666666667,1,0.666666667,0.666666667,0.666666667,0.666666667,2.666666667,15000,0,7.5
283,1,2,,13,0,0,1,1,0,3,0,2,3,2,3,1,1,1,1,1,7,8,9,8,,2,0,0,0,9,,,4,,0.185185185,0.666666667,1,2.666666667,3.5,1,1,1,1,4,0,0,8
284,0,,,9,0,0,1,1,1,3,1,3,2,2,1,2,2,3,3,1,10,10,10,9,,3,0,0,0,6,,2,1,,0.222222222,1,1,2.666666667,2,1,1,1,1,4,0,0,9.75
285,1,3,6,12,0,0,1,1,1,2,1,3,3,2,2,1,1,1,1,1,7,7,7,5,,5,1,0,0,9,,,3,,0.074074074,1,0.666666667,2.666666667,1.5,0.666666667,0,0.666666667,0.333333333,1.666666667,60000,0,6.5
286,1,2,,9,0,0,1,1,0,3,1,2,3,2,3,1,1,1,1,1,8,7,8,6,,2,0,20000,0,5,,4,,,0,0.333333333,0,2.666666667,1,0.666666667,0.333333333,0,0.333333333,1.333333333,0,,7.25
287,0,,,11,0,1,1,1,1,2,1,3,3,,2,1,1,1,1,1,7,8,8,7,6,2,0,8000,0,7,,3,1,,0.037037037,1,0,3,1.333333333,0,0,0,0,0,6000000,,7.5
288,0,,,9,0,0,1,1,1,2,1,2,2,2,3,1,1,1,1,1,9,8,10,5,7,2,0,0,0,9,,,,,0.148148148,0.666666667,0.666666667,3,2.5,0.333333333,0.333333333,0.333333333,0.333333333,1.333333333,750000,0,8
289,0,,,10,0,0,1,1,1,3,1,2,3,2,2,2,1,1,1,1,7,8,8,7,1,3,1,0,0,8,,2,,,0.148148148,1,1,3.333333333,2,1,1,1,1,4,1200000,0,7.5
290,0,,,9,0,0,0,1,0,2,1,3,3,3,3,2,2,1,1,0,10,10,10,1,,3,1,0,0,7,,2,,,0.037037037,0.333333333,0.333333333,2.666666667,1,0.333333333,0.666666667,0.333333333,0.666666667,2,0,0,7.75
291,1,2,,10,1,1,1,0,1,3,1,2,2,2,2,1,1,1,1,1,9,9,9,9,4,3,0,0,0,7,,,3,,0.148148148,1,0,2.333333333,2.333333333,0,0,0,0,0,450000,,9
292,0,,,10,0,1,0,0,0,2,1,2,3,3,2,1,1,1,1,1,8,8,8,7,,1,0,0,0,7,,,3,,0.148148148,1,0,2.333333333,2.333333333,0,0,0,0,0,0,,7.75
293,0,,,12,0,0,1,1,0,3,0,3,3,2,2,1,1,1,1,1,8,7,7,7,,1,1,0,0,8,,,4,,0.037037037,0.333333333,1,2,1,1,1,0.666666667,0.666666667,3.333333333,0,0,7.25
294,1,3,,8,0,0,1,0,1,3,1,3,3,2,2,1,1,1,1,1,8,10,10,10,,,0,0,0,7,,1,,,0.111111111,1,0.333333333,3,3.666666667,0.666666667,0.666666667,0.666666667,0.666666667,2.666666667,0,0,9.5
295,0,,6,9,1,1,1,1,1,3,1,4,3,3,3,1,1,1,1,1,10,10,10,10,4,1,1,0,0,9,,,,,0.222222222,1,0.666666667,2.666666667,2,1,1,1,1,4,46000,0,10
296,0,,,10,0,0,0,1,0,2,0,2,3,3,3,1,1,1,1,1,9,9,8,7,,1,1,500,0,8,,,2,,0.148148148,1,0.666666667,3,2,0.571428571,1,1,1,3.571428571,0,0,8.25
297,1,3,5,10,0,1,1,1,0,3,0,2,2,3,2,1,1,2,1,1,6,7,7,7,5,1,1,20000,0,9,,,1,,0,0.666666667,0.666666667,3,2.5,1,1,1,1,4,5500,0,6.75
298,1,3,,10,0,0,1,1,0,3,0,3,3,3,2,1,1,1,1,0,10,10,10,1,,1,0,0,0,5,,1,4,,0.074074074,1,1,3,1.666666667,0.666666667,0.666666667,1,0.333333333,2.666666667,0,0,7.75
299,1,2,,9,0,0,1,1,0,2,0,2,2,3,2,1,1,1,1,1,10,10,10,9,,2,1,0,0,7,,2,,,0.259259259,1,1,2.666666667,2,1,1,1,1,4,0,0,9.75
300,1,3,2,8,0,0,1,1,1,3,0,,2,2,2,1,1,1,1,0,8,8,8,7,,2,1,0,0,4,,,4,,0.185185185,1,0,2.5,1.333333333,0.333333333,0.333333333,0.333333333,0.333333333,1.333333333,25000,0,7.75
301,0,,,10,0,1,1,0,1,3,1,1,3,2,2,1,1,1,1,1,7,7,8,7,,2,1,0,0,8,,,2,,0.037037037,1,0.333333333,2.5,1,0.333333333,0,0,0,0.333333333,0,0,7.25
302,0,,,10,0,0,0,1,1,3,0,3,2,3,2,1,1,1,1,1,9,10,10,10,,2,1,0,0,8,,,2,,0.074074074,1,0.333333333,3,1.333333333,0,0.666666667,0.666666667,0.333333333,1.666666667,0,0,9.75
303,0,,,13,0,0,0,1,1,2,0,2,2,3,3,1,2,1,1,1,10,10,10,1,2,1,0,0,0,7,,2,4,,0.074074074,0.666666667,0,2.5,2,0,0,0,0,0,20000,0,7.75
304,0,,,10,0,0,0,1,0,2,0,2,3,2,2,2,1,1,1,1,9,8,10,8,,1,1,0,0,8,,2,,,0,0.666666667,0.333333333,2.666666667,1,0,0,0,0,0,0,0,8.75
305,0,,,12,1,0,1,1,0,4,1,3,2,2,3,1,1,1,1,1,7,9,9,7,,1,1,0,0,9,,1,2,,0.037037037,1,0.333333333,3,1,0.666666667,0.333333333,1,0.666666667,2.666666667,0,0,8
306,1,3,,9,0,0,1,1,1,3,0,8,2,3,2,1,1,1,1,1,8,8,8,7,,2,1,0,0,6,,1,2,,0.055555556,1,1,3,1.5,0.333333333,0.333333333,0,0,0.666666667,0,0,7.75
307,0,,,9,0,0,1,1,1,3,0,2,3,3,3,1,1,1,1,1,8,8,8,8,,3,1,10000,0,7,,,2,,0,0.333333333,1,3,3,1,0.6,1,0.6,3.2,0,0,8
308,1,3,,7,0,0,1,0,1,3,0,3,4,2,3,1,1,1,1,0,7,8,9,8,,2,0,0,0,5,,2,,,0.185185185,0.666666667,0.666666667,2.666666667,1.5,0,0.333333333,0.666666667,0.333333333,1.333333333,0,,8
309,0,,,11,0,0,1,0,1,3,1,2,3,3,3,1,1,1,1,1,8,9,8,8,,10,0,1150000,0,9,,,2,,0.185185185,1,1,2.666666667,2,0.285714286,0.571428571,1,0,1.857142857,0,0,8.25
310,1,3,,10,1,0,0,1,1,3,0,2,3,3,3,1,1,1,1,1,5,6,4,5,1,3,1,5000,0,8,,1,1,,0.111111111,0.666666667,0.333333333,2.5,2,1,0.666666667,1,1,3.666666667,15000,0,5
311,0,,,10,0,1,1,1,1,2,1,2,2,3,2,1,1,1,1,1,8,8,8,8,5,2,1,48000,0,7,,,3,,0.185185185,1,0.666666667,2.333333333,2.666666667,0.333333333,0.333333333,0.666666667,0.333333333,1.666666667,5858000,0,8
312,0,,,10,0,0,1,1,1,3,1,2,3,3,2,1,1,1,1,1,8,10,10,1,,1,1,3000,0,7,,,3,,0.111111111,0.666666667,1,2.333333333,1.5,0.571428571,1,0.714285714,0.285714286,2.571428571,0,0,7.25
313,0,,,10,0,1,1,0,1,3,1,4,3,3,2,1,1,1,1,1,9,7,9,5,,2,1,0,0,9,,,1,,0.333333333,1,1,2.666666667,2.666666667,0.333333333,1,1,0.666666667,3,9999999998,0,7.5
314,0,,3,12,1,0,0,0,0,3,0,2,2,2,2,1,1,1,1,1,8,8,8,8,,,1,0,0,9,,3,,,0.037037037,0.666666667,1,3,3,0.666666667,1,0.666666667,0.333333333,2.666666667,3000,0,8
315,0,,,9,0,0,1,0,1,4,1,3,3,3,2,1,1,1,1,1,7,7,9,6,,1,0,15000,0,8,,,1,,0.037037037,0.333333333,0,2.5,2,0.285714286,0.285714286,0,0,0.571428571,0,,7.25
316,0,,,10,0,0,1,0,0,4,1,3,3,1,2,1,1,1,1,0,6,7,7,6,,1,1,0,0,8,,2,,,0.037037037,0.333333333,0,2.666666667,2,0.428571429,0,0,0,0.428571429,0,0,6.5
317,1,3,,11,0,0,1,1,0,3,1,3,3,2,3,1,1,1,1,1,9,9,9,9,,2,0,0,0,8,,1,2,,0.074074074,1,0.666666667,3,2,1,1,1,1,4,0,0,9
318,0,,,10,0,0,1,1,1,3,0,2,2,3,3,1,1,1,1,1,8,8,8,7,,2,1,0,0,7,1,1,1,2,0.037037037,1,0,2.666666667,1.666666667,1,1,1,1,4,0,0,7.75
319,0,,,9,0,1,0,1,1,2,0,,2,2,2,1,1,1,1,1,9,9,9,9,,1,1,0,0,8,,1,,,0,0.333333333,0,2.666666667,1,0.571428571,0.571428571,0.571428571,0.285714286,2,0,0,9
320,0,,,11,1,0,1,1,0,3,1,2,3,3,2,1,1,1,1,1,10,10,10,1,5,1,1,15000,0,8,,,3,,0.074074074,0.666666667,0.333333333,2.666666667,3,0.333333333,0.333333333,0.333333333,0.333333333,1.333333333,50000,0,7.75
321,1,2,,8,0,0,1,1,1,3,1,2,3,2,3,1,1,1,1,1,8,9,10,7,3,3,1,25000,0,6,,,2,,0.185185185,0.666666667,0.333333333,2.5,2,1,1,1,1,4,300000,0,8.5
322,0,,,9,0,0,1,1,0,3,1,3,3,3,3,1,1,1,1,1,9,9,10,8,,1,1,0,0,9,,,,,0.296296296,0.666666667,1,2.333333333,3,0.285714286,0.714285714,0.714285714,0.285714286,2,0,0,9
323,1,2,,11,0,0,1,1,1,2,1,3,3,2,2,1,1,1,1,1,8,8,8,8,1,2,1,0,0,9,,,2,,0.111111111,0.666666667,0.333333333,2.333333333,3.5,1,1,1,1,4,1087000,0,8
324,0,,,12,0,0,0,1,0,2,1,4,8,3,3,1,1,1,1,1,9,8,9,9,,1,1,25000,0,9,,2,1,,0.111111111,1,0.333333333,2.666666667,2,1,1,0.666666667,0.333333333,3,9999999998,0,8.75
325,1,1,,10,0,1,1,1,1,3,1,3,3,3,2,2,2,2,2,1,9,9,8,8,,3,0,9999998,0,8,,,2,,0.111111111,0.666666667,0,2.666666667,2,0.428571429,0.428571429,0.714285714,0.428571429,2,0,0,8.5
326,1,3,,10,0,1,1,1,1,3,1,3,3,3,2,2,1,1,1,1,8,8,8,8,2,2,1,0,0,8,,,2,,0.074074074,1,1,3,3,0.666666667,0.666666667,0.666666667,1,3,20000,0,8
327,0,,,11,1,0,0,1,0,2,0,2,2,2,2,1,1,1,1,1,8,7,8,7,2,2,1,200,0,9,1,,1,,0.111111111,0.666666667,1,2,1.5,0.666666667,0.666666667,0.666666667,0.666666667,2.666666667,2197300,0,7.5
328,0,,,11,0,1,0,1,1,3,0,3,3,2,3,1,1,1,1,1,7,8,8,6,,4,1,50000,0,9,,,2,,0.259259259,1,0.666666667,2.666666667,1.333333333,0.333333333,1,1,1,3.333333333,0,0,7.25
329,1,3,1,11,1,0,1,1,0,2,0,3,2,2,2,1,1,1,1,0,7,8,9,6,,1,0,0,0,7,,4,,,0.222222222,1,0.333333333,2.666666667,1.666666667,0,0.333333333,0.666666667,0,1,10000,0,7.5
330,1,2,,11,0,1,1,1,1,3,1,3,2,3,3,1,1,1,1,1,8,8,8,6,1,2,1,0,0,9,,,2,,0,0.666666667,1,2.333333333,2,0.333333333,0.666666667,0.666666667,1,2.666666667,13000,0,7.5
331,0,,,10,0,0,0,1,1,3,1,3,2,2,2,1,1,1,1,1,8,8,9,8,,3,1,0,0,7,,,3,,0.444444444,1,0.666666667,2.333333333,3,0.333333333,0.333333333,0.666666667,0.666666667,2,0,0,8.25
332,0,,,10,0,1,0,1,0,3,0,3,3,3,3,1,1,1,1,1,8,8,8,98,,2,1,0,0,7,,3,,,0,0,0.666666667,2.666666667,,1,1,1,0.428571429,3.428571429,0,0,30.5
333,0,,,11,0,1,0,1,1,3,1,3,2,2,2,1,1,1,1,1,8,8,8,8,,2,1,0,0,7,1,2,1,3,0.074074074,0.666666667,0,2.333333333,2,0,0,0,0,0,0,0,8
334,0,,,11,0,0,1,1,1,4,1,3,3,2,2,1,1,1,1,1,10,10,10,8,,2,1,0,0,9,,2,,,0.074074074,1,0,2.5,2.333333333,1,1,0.666666667,0.666666667,3.333333333,0,0,9.5
335,0,,,10,0,1,1,0,1,3,0,3,3,2,2,1,1,1,1,1,7,7,8,5,,4,1,0,0,8,,2,,,0.037037037,0.333333333,0.333333333,2.833333333,2,0.714285714,0.714285714,0.714285714,0.714285714,2.857142857,0,0,6.75
336,0,,,9,0,0,1,1,0,,0,3,2,2,3,1,1,1,1,1,7,7,7,6,2,,1,0,0,7,,1,1,,0,0,0,2.75,,0.666666667,0,0,0.333333333,1,25000,0,6.75
337,0,,,9,0,0,1,1,1,3,0,,3,3,3,1,1,1,1,1,10,10,10,10,,1,1,0,0,7,,2,,,0.074074074,0.666666667,0.666666667,2.833333333,1.5,0.285714286,0.285714286,0.571428571,0.571428571,1.714285714,0,0,10
338,1,3,,10,0,1,1,1,1,3,0,3,2,2,2,1,1,1,1,1,8,8,9,9,,,1,3000,0,7,,1,2,,0.148148148,0.666666667,0.666666667,3,2,1,1,1,1,4,0,0,8.5
339,0,,,13,0,0,1,0,0,2,0,2,3,2,3,1,1,1,1,1,10,10,9,5,1,2,0,0,0,9,,,4,,0.185185185,1,1,2.666666667,2.666666667,1,1,1,1,4,10000,0,8.5
340,0,,,11,0,1,1,1,1,3,1,3,3,3,3,1,1,1,1,0,9,9,9,9,5,1,1,0,0,7,,,4,,0.074074074,1,0.666666667,2.666666667,1.333333333,0.666666667,0.666666667,0.666666667,0.666666667,2.666666667,56000000,0,9
341,0,,,10,0,0,0,1,0,,1,3,3,2,3,1,1,1,1,1,9,9,9,9,,1,0,0,0,7,,,3,,0.074074074,0.666666667,0.666666667,3,1.5,1,0.333333333,0.666666667,0,2,0,0,9
342,0,,,11,0,0,1,1,0,2,0,3,3,2,3,1,1,1,1,1,8,8,8,6,2,3,0,0,0,9,,,2,,0,0,1,2.666666667,,1,1,1,1,4,25000,0,7.5
343,0,,,9,0,1,0,0,0,8,0,8,3,3,3,1,1,1,1,1,8,8,8,8,,2,0,500,0,6,1,2,,3,0.111111111,1,0,2.666666667,2.666666667,0,0,0,0,0,0,,8
344,1,3,2,11,1,0,1,1,1,3,1,3,3,3,2,1,1,1,1,1,10,10,10,3,,2,1,60000,0,8,,3,,,0.074074074,1,0.666666667,2.333333333,2,1,0.571428571,0.571428571,0.571428571,2.714285714,2500000,0,8.25
345,1,2,,12,0,0,1,0,0,1,0,,2,3,2,1,1,1,1,1,10,9,10,98,5,2,1,0,0,10,,,2,,0.185185185,0.666666667,0.666666667,2.333333333,1,0.666666667,0.666666667,0.666666667,0.333333333,2.333333333,5380000,0,31.75
346,0,,,10,0,0,0,1,0,3,0,2,3,2,2,1,1,1,1,1,9,9,9,7,5,3,1,0,0,8,,2,,,0,0,0.5,3,,1,0.333333333,0.666666667,0.333333333,2.333333333,50000,0,8.5
347,0,,,10,0,0,1,1,0,2,0,3,2,2,2,1,1,1,1,1,10,9,9,8,6,2,1,0,0,7,,3,,,0.148148148,1,0.666666667,2.333333333,2,0.666666667,0.333333333,0.666666667,1,2.666666667,606000,0,9
348,1,3,,10,0,1,1,1,1,4,1,3,3,3,3,1,1,1,1,1,7,9,9,97,,3,1,0,0,7,,,3,,0.166666667,1,0.5,3,1.5,0.333333333,0.333333333,0.666666667,0,1.333333333,0,0,30.5
349,1,3,,10,0,0,1,1,1,3,1,3,3,2,2,1,1,1,1,1,8,9,9,7,1,1,1,0,0,8,,,2,,0.148148148,1,1,2.666666667,1.333333333,1,0.571428571,0.285714286,0.714285714,2.571428571,1000000,0,8.25
350,1,2,,11,0,0,0,1,1,3,1,4,3,3,2,1,1,1,1,1,8,8,8,6,,2,1,0,0,7,,2,2,,0.111111111,0.333333333,0,3,3,0,1,1,1,3,9999999998,0,7.5
351,0,,,11,0,0,1,1,0,,1,3,2,2,2,1,1,1,1,0,10,10,10,1,,1,1,0,0,7,,4,,,0.037037037,0.333333333,0.666666667,2.666666667,1,0,0,0,0.333333333,0.333333333,0,0,7.75
352,0,,,10,0,0,1,1,1,3,0,,3,3,3,1,1,1,1,1,8,8,8,7,1,1,0,0,0,8,,,2,,0.037037037,1,0.333333333,3.333333333,1.333333333,0.333333333,0.666666667,0.333333333,0.666666667,2,1500000,,7.75
353,0,,,10,0,1,1,0,0,,0,,3,,3,1,1,1,1,0,9,9,8,9,1,2,1,20000,0,7,,,3,,0.074074074,0.333333333,1,3,3,1,1,0.5,0.25,2.75,100000,0,8.75
354,1,3,,9,0,0,1,1,0,3,0,,3,2,3,2,2,1,1,0,10,10,10,9,,3,1,0,0,7,,,2,,0.185185185,1,0,3.333333333,2,0.333333333,0.666666667,0.666666667,0.333333333,2,0,0,9.75
355,0,,,10,0,0,1,1,1,3,0,2,3,,2,2,1,1,1,1,8,8,9,8,,2,1,0,0,5,,3,2,,0,0.333333333,0,2.333333333,1,0.571428571,0,0,0.285714286,0.857142857,0,0,8.25
356,0,,,13,0,1,0,1,1,2,1,2,3,2,2,1,1,1,1,0,7,7,7,7,,,0,0,0,9,,1,3,,0.185185185,1,0,2.333333333,2.333333333,0.333333333,0,0,0,0.333333333,0,,7
357,1,3,,9,0,1,1,1,1,3,1,3,3,2,2,1,1,1,1,1,7,7,9,7,,1,0,500,0,6,,,3,,0.037037037,0.666666667,0.666666667,2.666666667,3,0,0,0.666666667,0.333333333,1,0,,7.5
358,1,3,,10,0,0,0,0,1,4,0,,2,2,2,2,2,1,1,1,1,10,10,1,,2,1,0,0,6,,,4,,0,0,1,2.666666667,,0,0.666666667,0.666666667,0,1.333333333,0,0,5.5
359,1,3,2,11,0,0,1,1,1,3,0,2,3,2,2,1,1,1,1,1,8,8,8,2,,1,1,0,0,8,,3,,,0.037037037,1,0.666666667,3,2,1,1,1,0.666666667,3.666666667,2500,0,6.5
360,0,,,14,0,0,1,1,1,4,1,2,3,2,3,1,3,1,1,0,8,8,9,8,3,3,0,0,0,11,,,3,,0.037037037,0.666666667,0.333333333,2.666666667,2,0.666666667,0.666666667,0.333333333,0.333333333,2,30000,0,8.25
361,0,,,11,0,0,1,1,1,3,1,3,3,3,3,1,1,1,1,1,9,9,10,9,,1,1,0,0,6,,4,1,,0.148148148,1,0.333333333,3,1.333333333,1,0.75,0.75,0.75,3.25,0,0,9.25
362,1,3,,10,0,0,0,1,1,3,1,3,2,2,3,1,1,1,1,1,10,10,10,8,,2,0,0,0,8,,,2,,0.111111111,1,0.666666667,2.666666667,3,1,1,0.666666667,0.666666667,3.333333333,0,0,9.5
363,0,,,11,1,0,1,1,0,,0,3,3,,2,1,1,1,1,1,8,9,8,8,7,1,1,0,0,5,,,6,,0.259259259,1,0.666666667,2.333333333,2.333333333,0.666666667,1,0.666666667,0.333333333,2.666666667,70000,0,8.25
364,0,,,10,0,0,1,0,0,8,0,2,3,,3,1,1,1,1,1,9,9,10,8,,4,1,0,0,8,,,2,,0.037037037,0.333333333,1,2.666666667,2,1,1,0.666666667,0.333333333,3,0,0,9
365,0,,1,8,0,0,1,1,0,3,0,3,2,3,3,1,1,1,1,1,8,8,8,8,7,1,1,0,0,6,,,2,,0.148148148,0.666666667,0.666666667,2.333333333,2.5,1,1,1,0,3,125075000,0,8
366,0,,,9,0,0,0,0,0,2,0,,3,,3,1,1,1,1,1,9,9,9,9,,1,1,0,0,6,,,3,,0.111111111,0.666666667,0.666666667,3,2,0.666666667,0.666666667,0.666666667,0,2,0,0,9
367,0,,,9,0,0,1,1,0,2,0,2,2,,2,1,1,1,1,0,9,9,9,9,4,2,0,0,0,5,,,4,,0.148148148,0.666666667,1,2.666666667,2.5,1,0.666666667,0.666666667,0.333333333,2.666666667,4000000,,9
368,0,,1,9,1,1,1,0,1,3,0,1,3,,3,1,1,1,1,1,9,8,9,6,,3,1,0,0,5,,,4,,0.037037037,0.333333333,0.666666667,2.666666667,2,0.625,0,0,0,0.625,15000,0,8
369,0,,,10,0,0,1,1,0,2,0,3,2,2,2,1,1,1,1,1,8,8,8,5,,4,1,0,0,6,,,4,,0.074074074,0.333333333,0.333333333,2.333333333,3,0.666666667,0,0,0.333333333,1,0,0,7.25
370,0,,,7,0,0,1,1,1,3,1,3,3,3,2,1,1,1,1,1,9,9,9,8,,1,1,400000,0,7,,,,,0.074074074,0.666666667,1,3,3,0,0.333333333,0.333333333,0,0.666666667,0,0,8.75
371,0,,,8,0,0,1,1,0,,0,,4,3,3,1,1,1,1,1,10,10,10,10,,2,1,0,0,6,,,2,,0.111111111,1,0.333333333,2.666666667,2,0.333333333,0.333333333,0,0,0.666666667,0,0,10
372,0,,,10,0,1,1,1,1,3,0,1,3,,3,1,1,1,1,1,8,8,8,6,2,3,1,0,0,8,,,2,,0.111111111,0.666666667,1,2.333333333,2.5,1,1,0.666666667,0.666666667,3.333333333,20000,0,7.5
373,0,,,7,1,0,1,1,0,3,0,3,3,,3,1,1,1,1,1,8,9,9,9,,1,0,0,0,7,,,,,0.185185185,0.666666667,0.666666667,2,2.5,1,0.666666667,0.666666667,0.666666667,3,0,,8.75
374,0,,,11,1,1,1,1,1,3,1,3,3,2,2,1,1,1,1,1,7,9,9,8,,1,1,0,0,7,,,4,,0.037037037,0.666666667,1,3,2,0.666666667,0.333333333,0.333333333,0,1.333333333,0,0,8.25
375,0,,,10,0,0,1,1,1,3,0,2,3,,2,2,1,1,1,1,,,,,1,3,0,0,0,8,,,2,,0.074074074,1,0.666666667,3,2.666666667,0.666666667,0.666666667,0.333333333,0.333333333,2,1900000,0,
376,0,,7,11,0,0,1,1,0,2,1,2,2,2,2,1,1,1,1,1,10,10,10,10,,1,1,0,0,10,,,1,,0.148148148,1,0.666666667,2.333333333,2,1,0.666666667,0.666666667,0.333333333,2.666666667,7100000,0,10
377,0,,,10,1,1,1,1,1,2,1,3,2,3,2,1,1,1,1,1,10,9,10,10,,3,1,0,0,8,,,2,,0.074074074,1,0.666666667,3,2,0,0,0,0,0,0,0,9.75
378,0,,,11,0,0,1,1,1,3,1,2,2,3,2,1,1,1,1,1,9,8,9,8,5,3,1,0,0,10,,1,,,0.185185185,1,1,3,2,1,0.666666667,0.666666667,0.666666667,3,5400000,0,8.5
379,1,3,,9,0,0,1,1,0,1,0,2,3,,2,1,1,1,1,1,,,,,2,3,1,0,0,8,,,1,,0.148148148,1,0.333333333,2.666666667,2,1,1,1,1,4,2850000,0,
380,0,,,9,1,0,1,1,0,3,0,3,3,2,3,2,1,1,1,1,8,8,8,7,,2,0,0,0,7,,,2,,0.111111111,1,1,2.333333333,3,1,0,1,0,2,0,0,7.75
381,0,,1,7,0,0,1,1,0,8,0,8,2,1,2,1,1,1,1,1,8,8,9,6,,2,0,0,0,7,,,,,0.074074074,0.666666667,0.333333333,3,4,1,1,1,1,4,18000,0,7.75
382,0,,,7,0,0,1,1,1,2,1,2,2,3,3,2,2,2,2,1,8,8,8,8,5,2,1,0,0,7,,,,,0.111111111,1,0,3,4,0,0.333333333,0.333333333,0,0.666666667,550000,0,8
383,1,3,,9,1,1,1,1,0,3,1,3,3,,3,1,1,1,1,1,,,,,3,2,0,0,0,9,,,,,0.074074074,0.666666667,1,3,4,1,1,1,1,4,3000000,0,
384,1,3,,8,0,0,1,1,0,2,1,3,3,3,3,1,1,1,1,1,9,9,9,9,,3,1,0,0,8,,,,,0.074074074,1,1,2.666666667,3,1,1,1,1,4,0,0,9
385,0,,,8,0,0,1,1,0,2,0,3,3,3,2,1,1,1,1,0,8,8,9,8,,1,1,0,0,8,,,,,0.074074074,1,1,3,1.666666667,1,1,1,1,4,0,0,8.25
386,0,,,9,0,0,1,1,0,3,0,3,3,3,2,1,1,1,1,0,7,8,9,9,,2,1,0,0,9,,,,,0.037037037,0.333333333,1,2.333333333,3,1,0.666666667,0.333333333,0.666666667,2.666666667,0,0,8.25
387,0,,,9,0,0,1,1,0,2,0,2,2,,2,1,1,1,1,1,8,9,9,8,2,2,1,20000,0,8,,,1,,0,0,0,2.666666667,,0.375,0.25,0.25,0,0.875,25000,0,8.5
388,0,,2,11,0,0,0,1,0,,1,3,2,,3,1,1,1,1,1,4,5,5,3,,5,1,0,0,8,,,3,,0.259259259,1,0.666666667,2.833333333,4,0.285714286,0,0,0,0.285714286,25000,0,4.25
389,0,,,9,0,0,1,1,0,2,0,3,2,,2,2,1,1,1,0,9,9,9,7,,1,1,0,0,8,,,1,,0.185185185,0.666666667,0.666666667,2.666666667,2,0.428571429,0.428571429,0.714285714,0.428571429,2,0,0,8.5
390,0,,,8,0,0,1,1,0,2,0,2,3,,3,1,1,1,1,1,8,8,8,8,,2,0,0,0,5,,2,1,,0.148148148,0.666666667,0.666666667,2.666666667,3.5,0.666666667,0.666666667,0.333333333,0,1.666666667,0,0,8
391,0,,4,8,0,1,1,1,1,2,1,3,2,3,2,1,1,1,1,1,8,9,9,7,,2,0,0,0,5,,,3,,0.037037037,0.333333333,0.666666667,2.333333333,3,1,0,0.666666667,0.333333333,2,13000000,,8.25
392,0,,,12,0,0,1,1,0,2,0,2,3,,2,1,1,1,1,1,8,8,10,3,,1,1,0,0,7,,,5,,0.074074074,1,1,2.666666667,2,1,0.25,0.375,0.375,2,0,0,7.25
393,0,,,7,0,0,1,1,1,2,1,3,2,2,2,1,1,1,1,0,9,9,9,8,,1,0,0,0,7,,,,,0.111111111,1,1,3,3.333333333,1,1,1,1,4,0,,8.75
394,0,,,8,0,0,1,1,1,3,1,4,2,,2,1,1,1,1,1,8,9,8,9,,2,1,5000,1,5,,,2,,0.037037037,0.333333333,0.666666667,2.5,2,0.375,0.375,0.375,0.375,1.5,0,0,8.5
395,0,,,9,0,1,1,0,0,3,1,3,3,,2,1,1,1,1,0,8,8,8,7,,1,1,0,0,9,,,,,0.037037037,0.333333333,0.333333333,2.666666667,1,0.714285714,0.428571429,0,0,1.142857143,0,0,7.75
396,1,2,1,6,0,1,1,1,1,3,0,3,3,,2,1,1,1,1,1,9,9,9,8,,1,1,4000,0,6,,,,,0.037037037,0.666666667,1,2,2.5,1,0.571428571,0.285714286,0.285714286,2.142857143,100000,0,8.75
397,0,,,9,0,0,1,1,0,2,0,2,3,,2,1,1,1,1,1,9,8,9,7,1,1,1,0,0,8,,,1,,0.074074074,1,0.666666667,1.333333333,1.666666667,0.714285714,1,0.428571429,0.714285714,2.857142857,100000,0,8.25
398,0,,,8,0,0,1,0,1,2,1,2,3,,3,1,1,1,1,1,9,9,9,8,,2,1,0,0,6,,,2,,0.185185185,1,1,2.666666667,1.666666667,0.333333333,1,0.333333333,0.333333333,2,0,0,8.75
399,0,,,10,0,0,1,1,0,2,0,,2,2,2,1,1,1,1,0,9,10,10,5,5,1,1,0,0,7,,,3,,0.111111111,1,0.333333333,2.333333333,1.666666667,0.666666667,0.666666667,0.666666667,0.666666667,2.666666667,5520000,0,8.5
400,0,,,8,0,0,1,1,0,,0,8,2,2,2,1,1,1,1,1,8,8,8,8,5,1,1,0,0,8,,,,,0.037037037,1,1,3,2,1,1,1,1,4,5750000,0,8
401,0,,,12,0,0,1,1,0,3,0,2,2,2,3,1,1,1,1,1,8,8,8,7,4,1,1,0,0,8,,,4,,0.074074074,1,1,2.333333333,3,1,1,1,1,4,4675000,0,7.75
402,0,,,,0,0,0,0,0,,0,,,,,,,,,0,,,,,,,0,0,0,,,,,,0,0.333333333,0,2.666666667,2,0.25,0.25,0.25,0.25,1,0,,
403,0,,,9,0,0,1,1,0,2,0,2,2,2,2,1,1,1,1,0,7,8,8,5,7,1,1,0,0,7,,,2,,0.074074074,0.666666667,0.666666667,2.333333333,2,0.571428571,1,0.285714286,0.571428571,2.428571429,7480000,0,7
404,0,,,8,0,1,1,1,0,2,1,3,2,2,2,1,1,1,1,0,8,8,8,7,4,1,1,0,0,7,,,1,,0.037037037,1,0,2.666666667,2,0.714285714,0.428571429,0.428571429,0.428571429,2,4250000,0,7.75
405,0,,1,7,0,0,1,1,1,3,0,3,2,2,2,1,1,1,1,1,9,9,9,9,,1,1,0,0,7,,,,,0.111111111,0.666666667,0.666666667,2.5,3,1,0.571428571,0.571428571,0.571428571,2.714285714,10000,0,9
406,0,,,6,0,0,1,1,0,1,0,2,2,3,3,1,1,1,1,1,10,10,10,7,,1,0,0,0,6,,,,,0.148148148,0.666666667,0.666666667,2.666666667,2,1,0.666666667,0.333333333,0.333333333,2.333333333,0,0,9.25
407,0,,,9,0,0,1,1,1,2,1,2,3,2,3,1,1,1,1,1,9,10,9,8,,2,1,0,0,8,,,1,,0.111111111,0.666666667,0.333333333,2.666666667,2,0,0,0,0.285714286,0.285714286,90000,0,9
408,0,,,7,0,0,1,1,0,3,0,3,2,2,2,1,1,1,1,1,8,10,10,8,,2,1,0,0,4,,,3,,0.074074074,0.666666667,0.666666667,2.666666667,2,0.285714286,0,0,0,0.285714286,0,0,9
409,0,,,7,0,0,1,1,0,1,0,2,2,2,2,1,1,1,1,1,9,10,10,8,,2,1,0,0,4,,,3,,0,0,0.666666667,2.333333333,,1,1,0.714285714,0.714285714,3.428571429,0,0,9.25
410,0,,1,6,0,0,0,1,1,2,1,2,3,2,2,1,1,1,1,0,8,8,8,8,,1,0,0,0,3,,,3,,0.037037037,1,0,3,1.666666667,1,0,0,0,1,15000,0,8
411,0,,,8,0,0,1,1,0,8,0,2,3,2,2,1,1,1,1,1,9,8,9,8,1,1,1,0,0,6,,,2,,0,0,0.666666667,3,,0,0,0,0,0,10000,0,8.5
412,0,,1,9,0,0,1,1,0,2,0,2,3,2,3,1,1,1,1,1,8,9,9,8,6,1,1,0,0,6,,,3,,0.037037037,0.333333333,1,2,2,0.285714286,0.285714286,0.285714286,0.285714286,1.142857143,6588000,0,8.5
413,0,,,9,0,0,1,1,0,1,0,3,2,3,3,1,1,1,1,1,8,8,9,9,5,3,1,0,0,6,,,3,,0.074074074,0.666666667,0.333333333,2.5,3,1,0.571428571,0.571428571,0.285714286,2.428571429,50000,0,8.5
414,0,,,9,0,0,1,1,1,3,0,2,3,3,2,1,1,1,1,1,7,8,7,6,5,2,1,0,0,5,,,4,,0.148148148,1,0.666666667,2.666666667,2,0.666666667,0.333333333,0.666666667,0.666666667,2.333333333,50000,0,7
415,0,,,8,0,0,1,0,0,3,0,3,2,2,2,1,1,2,1,1,8,8,9,8,,4,0,0,0,2,,,6,,0.148148148,1,1,2,2.333333333,1,0.666666667,0.666666667,0.333333333,2.666666667,0,,8.25
416,0,,,10,0,1,1,1,0,2,1,3,2,2,3,1,1,1,1,0,9,9,9,9,5,4,1,0,0,6,,1,3,,0.092592593,0.333333333,1,2.833333333,2.5,0.785714286,0.642857143,0.5,0.214285714,2.142857143,50000,0,9
417,0,,,,0,0,0,0,0,,0,,,,,,,,,0,,,,,,,0,0,0,,,,,,0.222222222,1,1,3,1,1,1,1,0,3,0,,
418,0,,,8,1,0,1,1,1,3,0,3,3,3,2,1,1,1,1,1,8,8,8,8,5,2,1,0,0,5,,3,,,0.111111111,1,1,3,2.333333333,1,1,1,1,4,505000,0,8
419,0,,,10,0,0,1,1,0,2,1,3,2,2,2,1,1,1,1,0,7,7,9,9,,1,1,0,0,4,,6,,,0.037037037,0.666666667,0.666666667,2.666666667,2,0.666666667,0.333333333,0.333333333,0.333333333,1.666666667,0,0,8
420,0,,,10,0,0,1,1,0,3,0,2,2,3,3,1,1,1,1,1,8,8,7,7,,2,1,0,0,6,,4,,,0.074074074,0.666666667,0.333333333,2.5,3,0.25,0,0.25,0.25,0.75,0,0,7.5
421,0,,,12,1,1,1,1,0,2,0,2,2,3,2,1,1,1,1,1,8,7,7,6,,2,1,0,0,7,,5,,,0.037037037,0.333333333,0.333333333,2.333333333,3,0.625,0.625,0.625,0.625,2.5,19999999996,0,7
422,0,,,10,0,1,1,1,1,3,0,3,2,3,2,1,1,1,1,1,8,8,8,7,,2,1,0,0,5,1,,4,,0,0.333333333,0.666666667,2.5,1,0.285714286,0.285714286,0.285714286,0.285714286,1.142857143,0,0,7.75
423,0,,,10,1,1,1,1,1,2,0,2,2,3,2,1,2,2,2,1,8,8,8,7,,2,1,0,0,6,,4,,,0.074074074,0.666666667,1,2.5,2,0.666666667,0.333333333,0.333333333,0.333333333,1.666666667,0,0,7.75
424,0,,,11,0,0,1,1,1,3,1,3,2,2,2,1,1,1,1,1,8,8,8,8,,2,0,0,0,7,,1,3,,0.111111111,0.666666667,0.333333333,2.666666667,2,0.666666667,1,0.666666667,0.666666667,3,9999999998,0,8
425,0,,2,11,0,0,1,1,1,3,0,8,2,2,2,1,1,1,1,1,8,8,8,8,6,2,1,0,0,6,,,5,,0.074074074,0.333333333,0.666666667,2.666666667,4,0.285714286,0.285714286,0.285714286,0.285714286,1.142857143,7136000,0,8
426,1,3,,9,1,0,1,1,1,4,0,,2,2,2,1,1,1,1,1,9,8,9,8,1,1,1,0,0,7,,,2,,0.074074074,1,0.666666667,2.666666667,2.666666667,0.666666667,0.666666667,0.666666667,0.666666667,2.666666667,128000,0,8.5
427,0,,,10,0,0,1,1,0,1,1,2,2,3,2,1,3,1,1,1,7,7,6,6,,1,1,0,0,6,,,4,,0.148148148,1,0.666666667,2.333333333,1.666666667,1,0.666666667,0.333333333,0.333333333,2.333333333,0,0,6.5
428,0,,,11,0,0,1,1,0,2,0,2,3,3,2,1,1,1,1,0,9,8,10,97,,2,1,0,0,9,,,2,,0.074074074,1,1,2.666666667,2,1,1,1,1,4,0,0,31
429,1,3,,12,0,1,1,1,0,3,0,,3,2,3,1,1,1,1,1,9,9,9,9,,3,1,0,0,5,,,7,,0.037037037,1,0,3,1,1,0,0,0,1,0,0,9
430,0,,4,12,0,1,1,1,1,3,0,2,3,2,2,1,1,1,1,1,8,8,8,6,,1,1,0,0,7,,,5,,0.037037037,1,0,2,2.333333333,1,0,0,0,1,490000,0,7.5
431,0,,,11,0,0,1,1,1,2,1,2,3,2,2,1,1,1,1,1,9,8,9,7,,2,1,0,0,9,,,2,,0.111111111,1,0,3,4,0,0,0,0,0,0,0,8.25
432,0,,,12,0,0,0,0,0,2,0,2,2,2,2,1,1,1,1,1,8,8,8,7,,2,1,0,0,8,,,4,,0,0.666666667,0,3,1.5,0.285714286,0,0,0,0.285714286,0,0,7.75
433,0,,,13,0,0,1,1,1,3,0,3,2,2,3,1,1,1,1,1,8,9,9,8,,3,1,0,0,7,,,6,,0,0.333333333,0.333333333,3,2,1,1,0,0,2,0,0,8.5
434,1,3,,9,0,0,0,1,1,3,1,3,2,2,2,1,1,1,1,1,7,8,7,6,1,1,0,0,0,7,,,2,,0.074074074,0.666666667,0,3,1.5,1,0.285714286,0.285714286,0.285714286,1.857142857,1890000,0,7
435,0,,,13,0,0,1,1,1,3,0,8,3,2,2,1,1,1,1,1,8,8,8,8,,2,1,0,0,7,,,6,,0.148148148,1,0.333333333,3,1.333333333,1,1,0.333333333,0.333333333,2.666666667,0,0,8
436,0,,,18,0,0,1,1,1,2,1,3,2,2,3,1,1,1,1,1,9,10,9,8,,2,1,0,0,15,,,3,,0.074074074,1,0,2.666666667,1.333333333,1,1,0.333333333,0,2.333333333,0,0,9
437,0,,,12,0,0,1,1,0,2,0,8,3,2,3,1,2,1,1,0,9,9,9,7,,1,0,0,0,8,,,4,,0.111111111,1,0,2.666666667,1.333333333,0.666666667,1,0.666666667,0.333333333,2.666666667,0,0,8.5
438,0,,,11,0,0,1,1,0,3,0,2,3,2,3,1,1,1,1,1,9,8,9,6,1,1,1,0,0,5,,,6,,0.037037037,0.666666667,0,3,1,1,0.666666667,0.666666667,0.666666667,3,1200000,0,8
439,0,,,9,0,0,1,1,0,3,0,2,3,2,3,1,1,1,1,1,7,7,8,6,,1,1,0,0,7,,2,,,0.037037037,0.666666667,0.666666667,3,2,0.333333333,0,0,0,0.333333333,0,0,7
440,0,,1,12,0,0,1,1,0,2,1,4,3,2,2,1,1,1,1,1,8,9,8,8,,2,1,0,0,8,,,4,,0.074074074,0.333333333,0,3,4,1,1,1,0.333333333,3.333333333,1824000,0,8.25
441,0,,,8,0,0,1,1,1,2,1,2,2,2,2,1,1,1,1,1,10,10,10,10,6,1,1,0,0,4,,,4,,0.074074074,0.333333333,0.666666667,2.666666667,2,1,0.428571429,0.428571429,0.428571429,2.285714286,60000,0,10
442,0,,,10,1,0,1,1,0,2,0,2,1,3,3,1,2,1,1,0,10,9,10,5,,1,1,0,0,5,,,5,,0.111111111,1,0.666666667,3,3.333333333,1,0,0.285714286,0.285714286,1.571428571,0,0,8.5
443,1,2,,7,0,0,1,1,1,2,1,3,3,2,2,1,1,1,1,0,8,9,10,8,3,1,1,0,0,7,,,,,0.148148148,1,1,2.666666667,3.666666667,1,0.666666667,0.666666667,0.333333333,2.666666667,30000,0,8.75
444,1,3,6,10,1,0,0,1,0,2,0,1,3,2,4,1,1,1,1,1,7,8,9,5,,1,1,0,0,5,,,5,,0.037037037,0.333333333,1,3,3,0,0,0,0,0,6150000,0,7.25
445,0,,6,10,1,0,1,1,0,2,0,,3,3,2,1,1,1,1,1,10,10,10,10,1,2,0,0,0,8,,,2,,0.074074074,0.666666667,1,2.666666667,2.5,0.666666667,0.666666667,0.333333333,0,1.666666667,13104000,,10
446,0,,,9,0,0,1,1,1,2,1,3,3,,3,1,1,1,1,1,8,8,9,7,4,1,1,0,0,5,,,4,,0.111111111,0.666666667,0,3,3,1,0.666666667,0.333333333,0.333333333,2.333333333,4440000,0,8
447,0,,,11,1,1,1,1,0,3,0,2,2,3,2,1,1,3,3,1,8,8,8,8,,2,0,0,0,9,,,2,,0.037037037,0.666666667,1,2.5,1.5,0.714285714,0.428571429,0.285714286,0,1.428571429,0,,8
448,0,,,11,1,0,1,1,0,8,0,2,2,1,2,1,1,1,1,1,10,10,9,8,8,1,1,0,0,8,,3,,,0.074074074,1,0.666666667,2.333333333,2,0.666666667,0.666666667,0.666666667,0.666666667,2.666666667,8960000,0,9.25
449,0,,5,6,0,1,1,1,0,2,1,3,2,2,3,1,1,1,1,1,8,8,8,7,,1,1,0,0,6,,,,,0,0.333333333,0.333333333,2.333333333,2,0.375,0,0,0,0.375,50000,0,7.75
450,0,,,7,0,0,1,1,0,2,1,4,3,,2,1,1,1,1,1,9,8,8,6,6,5,0,0,0,6,,,1,,0.037037037,0.333333333,1,2.333333333,2,0.666666667,0.666666667,0.333333333,0.333333333,2,60000,0,7.75
451,0,,,10,0,0,0,1,0,,0,2,3,2,3,2,1,1,1,0,1,2,1,2,,,1,0,0,6,,,4,,0.148148148,1,0.666666667,2.333333333,1.666666667,0.714285714,0.428571429,0.714285714,0.285714286,2.142857143,0,0,1.5
452,0,,,11,0,0,1,1,0,2,0,3,3,2,2,1,1,1,1,0,10,10,10,10,1,1,1,0,0,8,,,2,,0.148148148,1,1,2.666666667,2,1,0.666666667,0.666666667,1,3.333333333,120000,0,10
453,0,,1,15,1,0,1,1,0,8,1,3,2,2,3,1,1,1,1,1,8,8,8,8,,2,1,0,0,11,,,4,,0.185185185,1,0.333333333,2.666666667,1.333333333,1,0.666666667,0.333333333,0.333333333,2.333333333,10000,0,8
454,1,3,1,11,0,0,1,1,1,3,1,1,2,3,2,1,1,1,1,1,9,9,9,9,,3,1,0,0,9,,,2,,0.111111111,1,1,3,3.333333333,0.666666667,1,0.666666667,1,3.333333333,10428000,0,9
455,0,,,12,1,0,1,1,0,3,0,3,2,2,2,1,1,1,1,1,9,9,10,10,1,1,1,0,0,9,,1,2,,0.037037037,0.333333333,0.666666667,2.666666667,3,0.571428571,0.285714286,0.285714286,0.285714286,1.428571429,120000,0,9.5
456,1,2,1,14,0,0,1,1,1,2,0,3,2,2,2,1,1,1,1,1,8,7,8,7,,2,1,0,0,9,,,5,,0.074074074,0.666666667,1,2.666666667,2,1,0.285714286,0.571428571,0,1.857142857,120000,0,7.5
457,0,,4,11,1,0,1,1,0,2,0,8,3,2,2,1,1,1,1,1,9,10,9,9,,2,1,0,0,5,,,6,,0.074074074,1,1,2.333333333,3,0.571428571,1,0.285714286,0.571428571,2.428571429,410000,0,9.25
458,0,,,11,1,1,1,1,1,3,0,,2,2,3,1,1,1,1,1,8,8,8,8,,1,1,0,0,8,,,3,,0.185185185,1,1,2.333333333,1.333333333,1,0.285714286,0,0.285714286,1.571428571,0,0,8
459,0,,,12,0,0,1,1,0,3,0,1,3,3,3,1,1,1,1,1,8,8,8,8,1,1,0,0,0,8,,,4,,0.037037037,0.666666667,0,3,2,1,0.571428571,0.285714286,0.428571429,2.285714286,11400000,0,8
460,0,,4,9,1,0,1,1,0,3,1,3,3,,3,1,1,1,1,1,,,,,,1,1,0,0,9,,,,,0.037037037,0.333333333,0,3,2,1,0.75,0.375,0,2.125,4800000,0,
461,0,,2,10,1,0,1,1,0,1,1,3,3,2,3,1,1,1,1,1,6,6,7,6,,1,1,0,0,9,,,1,,0.185185185,1,0.666666667,2.333333333,2,0.666666667,0.666666667,0.666666667,0.666666667,2.666666667,2250000,0,6.25
462,1,3,1,15,1,1,1,1,1,4,1,4,4,3,3,1,1,1,1,1,99,99,99,99,,3,1,0,0,8,,,6,,0.037037037,1,0.666666667,3,1.666666667,1,1,1,0.571428571,3.571428571,1000000,0,99
463,0,,3,11,0,0,1,1,0,2,0,2,3,3,3,1,1,1,1,1,8,8,9,9,,1,0,0,0,9,,,2,,0.111111111,0.666666667,0.666666667,3,2.5,0.666666667,0.666666667,0.333333333,0.333333333,2,380000,,8.5
464,0,,,8,0,0,1,1,0,1,0,1,2,2,2,1,1,1,1,1,5,7,9,2,,1,0,0,0,5,,,3,,0.074074074,0.333333333,0,2.666666667,1,0.666666667,0,0,0,0.666666667,0,0,5.75
465,0,,5,7,1,0,1,1,1,3,1,3,2,,3,1,1,1,1,1,,,,,,3,1,0,0,7,,,,,0.111111111,1,0.333333333,2.666666667,1.666666667,1,0.625,0.625,0.75,3,5400000,0,
466,0,,,6,1,0,1,1,0,,0,2,3,3,3,1,1,1,1,0,9,9,9,8,,4,0,0,0,6,,,,,0.148148148,1,0.333333333,2.666666667,2.333333333,0.666666667,0.333333333,0.333333333,0,1.333333333,0,0,8.75
467,0,,,9,0,0,0,1,0,2,0,2,3,3,2,1,1,1,1,0,8,9,9,5,,1,0,0,0,9,,,,,0.148148148,0.666666667,0,3,2,1,0.714285714,0.285714286,0,2,0,0,7.75
468,0,,,6,0,0,1,1,0,2,0,1,3,2,3,3,1,1,1,0,8,8,8,6,,,0,0,0,6,,,,,0,0,0,2.833333333,,1,0.4,0.6,0,2,0,,7.5
469,0,,,6,0,0,1,1,0,3,0,1,2,3,2,3,3,1,1,1,7,7,8,8,,2,1,0,0,6,,,,,0.037037037,0.666666667,0.333333333,2.5,2.5,0.714285714,0.714285714,0.285714286,0.285714286,2,0,0,7.5
470,0,,,7,0,0,1,1,0,1,0,2,2,2,2,2,2,3,3,1,10,10,10,8,,2,0,0,0,7,,,,,0,0.666666667,1,2.333333333,1.5,1,0.666666667,0.666666667,0.666666667,3,0,0,9.5
471,0,,,8,0,1,1,1,0,3,1,1,2,2,3,1,1,1,1,1,10,10,10,10,,1,0,0,0,8,,,,,0,0,0.333333333,2.5,,0,0,0,0,0,0,0,10
472,0,,,4,0,0,1,1,0,3,0,1,3,3,2,1,3,1,1,1,9,9,10,9,,3,1,0,0,4,,,,,0,0,0,2.666666667,,0,0,0,0,0,0,0,9.25
473,0,,2,8,0,0,1,1,1,3,1,3,3,2,3,1,1,1,1,1,7,8,8,7,,1,1,2000,0,6,,,2,,0.074074074,0.333333333,0.333333333,2.5,3,1,0.625,0.375,0,2,2700000,0,7.5
474,0,,,11,0,0,1,1,0,,0,,3,3,2,1,2,1,1,0,9,9,8,7,,2,1,0,0,8,,,3,,0.111111111,1,0.666666667,3,2,1,1,0.666666667,0.333333333,3,0,0,8.25
475,0,,,12,0,1,0,1,1,4,1,3,2,2,3,1,1,1,1,0,8,9,8,6,1,1,1,0,0,8,,1,3,,0.222222222,1,0,2.333333333,2.333333333,0.666666667,0,0.333333333,0,1,1000000,0,7.75
476,1,4,,11,0,0,1,1,1,3,1,2,3,2,3,1,1,1,1,1,9,9,10,8,,3,1,0,0,6,,2,3,,0.111111111,1,0.666666667,3,1.666666667,1,1,1,0,3,0,0,9
477,0,,,13,0,0,0,1,0,3,1,2,3,2,2,1,1,1,1,1,8,8,8,8,,2,1,0,0,7,,,4,,0.037037037,0.666666667,0.666666667,2.333333333,1.5,0.285714286,0,0.285714286,0.571428571,1.142857143,0,0,8
478,0,,,9,0,0,1,1,0,,0,2,2,2,2,1,1,1,1,1,9,10,10,8,,2,1,0,0,7,,1,1,,0.148148148,0.666666667,1,2,2.5,0.666666667,0.666666667,0,0,1.333333333,0,0,9.25
479,0,,,10,0,1,1,1,1,2,1,2,2,2,2,1,1,1,1,1,8,8,9,8,,3,1,0,0,7,,,3,,0.037037037,0.666666667,0.666666667,3,2.5,1,0.333333333,1,0.333333333,2.666666667,9999999998,0,8.25
480,0,,8,13,0,0,1,0,0,2,0,2,2,2,2,1,1,1,1,0,9,8,8,8,,2,1,0,0,9,,,4,,0.111111111,0.666666667,0,2.333333333,3,0.666666667,0.333333333,0,0,1,80000,0,8.25
481,0,,,9,0,0,1,1,0,2,0,8,3,2,2,1,1,1,1,1,8,9,9,7,,1,1,20000,0,6,1,,2,,0.148148148,0.666666667,0.333333333,2.333333333,2,0.666666667,0.333333333,0.666666667,0.333333333,2,0,0,8.25
482,0,,,10,0,0,0,1,0,2,0,2,2,3,2,1,1,1,1,0,7,8,8,8,,1,1,0,0,9,,,1,,0.37037037,1,0,2.666666667,4,1,1,0.666666667,1,3.666666667,0,0,7.75
483,0,,,12,0,1,1,1,1,4,1,2,4,2,2,1,1,1,1,1,10,10,10,9,,2,1,0,0,8,,,4,,0.148148148,1,0.666666667,2.666666667,3,0.666666667,0.666666667,1,0.666666667,3,0,0,9.75
484,0,,,18,1,0,0,1,0,2,0,8,3,2,2,2,1,1,1,1,6,6,6,5,,,1,0,0,12,,3,3,,0.074074074,1,0,2.333333333,2,0,0.666666667,0.333333333,0,1,0,0,5.75
485,0,,5,20,0,0,1,0,0,3,1,3,2,2,3,1,1,1,1,1,9,9,9,8,,5,1,0,0,17,,2,1,,0.222222222,0.666666667,0.333333333,2,2,0.666666667,1,0.666666667,0.333333333,2.666666667,5000,0,8.75
486,0,,,15,0,1,0,1,0,2,0,1,2,3,3,1,1,1,1,0,10,10,10,9,,1,1,0,0,11,,3,1,,0.185185185,0.666666667,0,3,2.5,0.333333333,0.666666667,0.333333333,0,1.333333333,0,0,9.75
487,0,,,10,0,0,1,0,0,2,0,1,3,1,2,1,1,1,1,1,7,7,8,7,,1,1,0,0,8,,,2,,0,1,0,2.333333333,2.666666667,0,0,0.333333333,0,0.333333333,0,0,7.25
488,1,3,,10,0,0,1,1,1,3,0,2,3,2,2,1,2,2,1,1,9,10,10,3,2,3,0,0,0,7,,,3,,0.222222222,1,0,3,2.666666667,0.666666667,0.666666667,0.333333333,0.666666667,2.333333333,200000,,8
489,0,,5,11,0,0,0,0,0,2,0,2,3,2,2,1,1,1,1,1,9,8,9,7,,2,1,0,0,9,,,2,,0.074074074,1,0,2.333333333,3,0.333333333,0.666666667,0.666666667,0,1.666666667,5000,0,8.25
490,1,3,,14,0,0,0,0,0,3,0,2,3,2,2,2,2,1,1,1,9,9,9,7,,2,1,0,0,10,,3,1,,0.259259259,1,0.333333333,2.166666667,1.666666667,0.666666667,0.666666667,1,0.666666667,3,0,0,8.5
491,0,,,17,0,0,1,1,0,2,0,2,3,3,3,1,1,1,1,1,8,8,9,8,,2,1,0,0,15,,2,,,0.037037037,0.666666667,0,2.833333333,2,0.714285714,0.714285714,1,0.285714286,2.714285714,0,0,8.25
492,0,,,11,0,0,1,1,0,3,0,1,3,2,2,1,1,1,1,1,8,7,7,6,3,2,0,0,0,10,,1,,,0.37037037,1,1,2.666666667,3.333333333,0.666666667,0.666666667,0.333333333,0.333333333,2,30000,,7
493,0,,,12,1,0,1,1,0,3,0,2,3,3,2,1,2,1,1,1,8,8,9,7,3,1,0,0,0,10,,,2,,0.037037037,0.666666667,0,2.666666667,2,0.285714286,0.285714286,0.285714286,0,0.857142857,30000,0,8
494,0,,,13,0,0,1,0,0,2,0,1,2,3,2,2,1,1,1,0,8,7,7,7,,2,0,0,0,12,1,,,,0.111111111,1,0,2.333333333,2,0.333333333,1,0.666666667,0,2,0,0,7.25
495,1,3,,13,0,0,1,1,0,3,0,2,2,3,3,1,1,1,1,1,9,8,8,6,5,3,0,0,0,8,,,5,,0.185185185,1,0.333333333,2.666666667,2.666666667,1,0.666666667,0.666666667,0.333333333,2.666666667,5000000,,7.75
496,0,,3,10,0,0,0,1,1,2,1,2,3,2,2,1,1,1,1,0,7,8,9,7,,2,1,0,0,7,,,3,,0.111111111,1,0.333333333,2.333333333,3.333333333,1,1,1,0.333333333,3.333333333,3000,0,7.75
497,1,3,,11,0,0,1,0,0,3,0,2,2,2,2,1,1,1,1,0,7,9,8,7,,3,1,0,0,9,,2,,,0.185185185,1,0,2.333333333,3.666666667,0.285714286,0.714285714,0.428571429,0.428571429,1.857142857,9999999998,0,7.75
498,0,,,10,0,0,0,0,1,3,1,3,2,2,2,1,1,1,1,1,7,7,8,7,,1,1,0,0,6,,,4,,0.111111111,1,0.333333333,2.333333333,2.333333333,0.333333333,0.333333333,1,0,1.666666667,0,0,7.25
499,0,,,13,0,1,0,1,0,2,1,2,3,2,3,1,1,1,1,1,8,9,8,8,,5,1,0,0,8,,,5,,0.037037037,1,0,3.333333333,1.666666667,0.285714286,0.285714286,0.285714286,0.285714286,1.142857143,0,0,8.25
500,0,,1,11,1,0,1,0,1,2,0,2,3,3,3,1,1,1,1,1,10,10,10,8,,2,0,0,0,8,,,3,,0.185185185,1,0.333333333,2.666666667,2.666666667,0.666666667,1,0.333333333,0.333333333,2.333333333,1000,0,9.5
501,1,3,,10,0,1,1,0,1,3,0,2,3,3,2,1,1,1,1,1,8,8,10,8,2,1,1,0,0,8,,,2,,0.074074074,1,0,2.166666667,1.666666667,0.333333333,0,0.333333333,0,0.666666667,20000,0,8.5
502,0,,,11,0,1,1,1,1,3,0,2,2,2,2,1,1,1,1,1,8,8,9,8,1,3,1,0,0,8,,2,1,,0.555555556,1,0,2.666666667,3,1,1,1,1,4,15000,0,8.25
503,1,3,3,10,0,1,1,1,0,2,1,2,3,3,2,1,2,1,1,1,8,9,9,7,,4,1,0,0,6,,,4,,0.074074074,0.666666667,0,3,2,1,0,1,0,2,3000,0,8.25
504,0,,,10,0,0,1,1,0,3,0,3,3,2,2,1,1,1,1,0,9,9,9,8,,2,1,0,0,8,,,2,,0.037037037,1,0,2.333333333,2.666666667,0.666666667,0.666666667,0.666666667,0,2,0,0,8.75
505,0,,,11,1,0,1,1,0,4,1,3,3,3,3,1,1,1,1,1,10,9,9,8,,3,1,0,0,8,,,3,,0.037037037,1,0.333333333,3,1.666666667,0.333333333,1,0,0,1.333333333,0,0,9
506,1,3,,13,1,1,1,1,1,3,1,3,3,3,3,1,1,1,1,0,8,7,8,7,,4,1,0,0,9,,,4,,0.296296296,1,0,2.333333333,2.666666667,1,1,1,1,4,0,0,7.5
507,1,3,,10,0,0,1,1,1,3,1,3,3,3,3,1,1,1,1,0,8,9,8,7,,2,1,0,0,9,,1,,,0.185185185,1,0,2.666666667,2,0.333333333,0.333333333,0.333333333,0.333333333,1.333333333,0,0,8
508,0,,,10,0,0,1,0,0,4,0,8,3,3,3,1,1,1,1,1,8,8,8,7,,1,1,0,0,8,,,2,,0.111111111,1,0,2.666666667,1.666666667,0.571428571,0.571428571,0.285714286,0,1.428571429,0,0,7.75
509,0,,,10,0,0,1,1,0,3,0,3,3,3,2,1,1,1,1,1,8,8,10,7,,2,1,0,0,6,,,4,,0.148148148,1,0,3,2.333333333,0.666666667,1,0.666666667,0,2.333333333,0,0,8.25
510,1,3,3,11,0,0,1,1,0,2,0,,3,2,3,1,1,1,1,1,7,7,8,7,5,2,1,0,0,9,,,2,,0.555555556,1,0,2.833333333,4,1,0.666666667,0.666666667,0.666666667,3,8000,0,7.25
511,0,,2,10,0,1,0,1,0,2,1,2,3,3,2,2,2,1,1,1,7,7,7,9,,,1,0,0,7,,,3,,0.222222222,1,0,2.333333333,2.333333333,1,1,0.333333333,0.666666667,3,2016000,0,7.5
512,0,,,9,0,0,1,0,1,2,1,3,3,3,3,1,3,1,1,1,10,10,9,9,1,3,1,0,0,9,,,,,0,0.333333333,0,2.333333333,1,0.333333333,0.666666667,0.666666667,0,1.666666667,100000,0,9.5
513,1,3,,9,0,0,1,1,0,3,1,2,4,2,3,1,1,1,1,0,8,8,9,7,1,4,0,0,0,7,,,2,,0.148148148,1,0,2.666666667,3.666666667,0.666666667,1,1,0.666666667,3.333333333,1060000,0,8
514,0,,,9,0,0,1,1,0,2,1,2,3,3,3,1,1,1,1,1,6,7,8,6,5,1,1,0,0,7,,,2,,0.037037037,1,0,3,1.666666667,1,1,0.666666667,0.333333333,3,50000,0,6.75
515,1,3,,12,0,0,1,0,0,3,0,2,2,2,2,1,1,1,1,0,8,7,8,8,,2,0,0,0,8,,,4,,0,0.666666667,0,2.833333333,2.5,0.571428571,1,0.285714286,0.285714286,2.142857143,0,0,7.75
516,0,,,11,0,0,1,1,0,2,0,2,3,3,3,1,1,1,1,1,9,8,10,8,,,1,0,0,7,,1,3,,0.259259259,1,0.333333333,3,2.333333333,0.333333333,0.666666667,0,0.333333333,1.333333333,0,0,8.75
517,1,3,,10,0,0,1,1,0,2,0,2,3,3,3,1,1,1,1,0,9,9,9,7,,2,0,0,0,8,,,2,,0.296296296,1,0.333333333,3,3,0.666666667,1,1,0.666666667,3.333333333,0,0,8.5
518,0,,,9,0,0,0,1,0,3,1,2,2,2,2,1,1,1,1,0,9,7,7,6,,2,1,0,0,7,,,2,,0.148148148,1,0,2.333333333,1.666666667,0.25,0.625,0.625,0,1.5,0,0,7.25
519,0,,,10,0,0,0,1,0,2,1,2,3,3,3,1,1,1,1,0,9,8,8,8,,1,1,,0,6,,,4,,0.037037037,1,0,3,2.666666667,1,1,0.333333333,0.666666667,3,0,0,8.25
520,0,,,10,0,0,1,1,0,2,1,3,3,3,2,1,1,1,1,0,7,9,9,6,,3,0,0,0,6,,1,3,,0.037037037,1,0,2.666666667,3,0,1,0,0,1,0,0,7.75
